Column1;Column2
@;6
@00hginger;3
@0Arcoverde;1
@0Buk0wsky;1
@0Fedbear2;1
@0Sundance;3
@0liviajulianna;1
@0xbe_better;1
@0xwinteruzz;1
@0zgurlukcu;2
@1;1
@1000Frolly;1
@1073jamz;1
@10kClimate;3
@11thHour;1
@14BaldwinTab;1
@170Oligarch;1
@1998Chrisrj;1
@1Pr0p0rt10n2;1
@1fr33dom;1
@1kimmar;1
@1pckt;1
@1stBass2ndTenor;1
@1tu2u;1
@1us45;2
@2000AD;1
@27Legin;1
@2Dwarthan;1
@2_drac;3
@2k_kate;4
@2manyjoshes;1
@2ndATexan;1
@3GHtweets;7
@3MIKE2;2
@3dozenrosess;1
@3leggedleelu;1
@43Cyoa;6
@4547DT;1
@45Scooby2;1
@45cub1;1
@45johnM;1
@49erCarlos;1
@5blkpetals;1
@5dollarlincoln;1
@5shezz4;1
@60Minutes;1
@67communist;1
@6Voodoo;1
@6_broj;1
@6lennybravo;1
@6thvot1;1
@77_steeze;2
@7TonyHendrix7;1
@804_local;1
@86_longo;1
@8NewsNow;3
@99freehold;1
@9NewsAdel;1
@A13KCF1;1
@A2EI_;1
@A3D6A9M;1
@ABC;4
@ABDanielleSmith;1
@AC360;1
@ACHIPatrick4;1
@ACTBrigitte;4
@ACarole;1
@ADSBexchange;1
@AFL;1
@AGWIsHappening;4
@AGWisScience;4
@AGrabin73;1
@AIphaNation;1
@AJStudios001;1
@ALefty123;5
@ANCParliament;1
@ANI;2
@AOC;2
@AP;5
@APFactCheck;3
@APhilosophae;1
@AQuddusBizenjo;2
@ARKhanKanjuMNA;1
@ARYNEWSOFFICIAL;1
@ARussianSpy666;1
@ASEANBusiness13;2
@ASI;2
@AThinkingWoman;3
@A_Soft_Soul;1
@A_ThomasPoet;1
@AamirDogar155;1
@AaronBallman;1
@AaronParnas;1
@AbdoulieFye;1
@AbiyAhmedAli;12
@AbodeJustice;1
@Abraxsys;1
@ActorDeborah;2
@ActualCorn;1
@ActuaryByDay;1
@AdamBandt;2
@AdamG1811;1
@AdamKinzinger;7
@AdamMaguire;1
@AdamPage85;1
@Adam_Stirling;1
@AdeBarber;1
@AdenOrdinii;1
@AdorablePodcast;7
@Adzam112;1
@AfricaFactsZone;1
@AfricaonAir;1
@AgainstStan;1
@Aggieman20;1
@AggressiveProg7;1
@AhearnColeen;1
@AirCanada;1
@AkilahObviously;4
@AkuAku369;1
@AlaMerQld;2
@AlanBixter;1
@Alarusi1;2
@AlbertaLeonidas;1
@AlboMP;22
@Alem8cfn;1
@AlexBentDrums;1
@AlexBerenson;1
@AlexEpstein;15
@AlexEpstein’s;1
@AlexSabe5;2
@AlexVickeryHowe;6
@AlexWag09963495;2
@Alex_Walls_;1
@AlexaJaar1013;1
@Alfred_StatesX;3
@Algorand;1
@AliJSheridan;1
@AliMirajUK;1
@Alin_bigwinns;1
@All_We_Rush_4;1
@AllanPagey;1
@AllenGramlich;1
@Allerbe;1
@AlmostAmish1;1
@AltHistoryHub;1
@AltUS_ARC;2
@Amaximus56;1
@AmberMantalas;4
@America1Scotty;1
@Americanism37;3
@AmishSecreto;1
@AmmoniteElectr1;1
@AmyJeanTyler;2
@AmyrAli16;2
@AndMedh;1
@Andebes;1
@Andrea24611553;2
@AndreaStockdal2;1
@AndreasSteno;1
@AndrewDessler;1
@AndrewYang;3
@Andrewwolson;1
@AndryGiles;3
@AndyBeshearKY;4
@Andy_Lea1964;1
@Andy_McLean;2
@Angie50228505;1
@AngusTaylorMP;1
@Animal_graphics;2
@AnjaKober;1
@AnnCoulter;3
@AnnFavela;1
@AnnastaciaMP;1
@Annie20554592;1
@Annie_M_Hooper;1
@AntWindmill;1
@AnthonyA134;1
@Antinatalism72;1
@Anvndarnamn5;10
@AonAbbasPTI;1
@ApostleTamaki;1
@AppSame;1
@AquinasTGoat;1
@AreYouDerp;4
@AriMelber;1
@AriMelber:;1
@ArielTroster;1
@AristotleMrs;3
@ArkanraisArt;1
@Arnold_USA1776;1
@ArsenalDavey;1
@ArtKetterhagen1;1
@ArtLippo;1
@ArtValley818_;1
@ArthaLovaboba3;1
@ArthurCSalzer;1
@Artspeakcentral;1
@AskMeLaterOn;1
@Assad30516889;1
@Athol94519002;1
@AtomsksSanakan;3
@AtticusFound;1
@AukeHoekstra;1
@AuroraBlogspot;1
@AuroriaTwittori;3
@AustinKittyBlue;1
@AustinOCTW;1
@AustinPlatt;1
@AustrianEn;1
@Autist_Writer;1
@AvengerResister;1
@AwadHam75384405;1
@B0oTaOfficial;1
@B4mtastic;1
@B52Malmet;3
"@BBC""";1
@BBC;1
@BBCBreakfast;1
@BBCBreaking;1
@BBCGlos;1
@BBCNews;18
@BBCNewsnight;1
@BBCRadio4;1
@BBCSport;1
@BBCWorld;2
@BBCr4today;1
@BBockelbrink;1
@BGEA;2
@BJChippindale;4
@BJP4India;1
@BJul1989;1
@BKergin;1
@BL20422822;3
@BLACKPINK;1
@BM_EURO1;1
@BNOFeed;1
@BONES_YARDROCK;2
@BSEYoga;1
@BSandersRipCity;1
@BShingeling;1
@B_Bolshevik100;3
@Bacara__;2
@BadBalticTakes;1
@Badams820;6
@BailFund_Brawl;3
@BakhatNasr;1
@BaltimoMaskMan;1
@Bamabeast256;2
@BambiGordon61;1
"@BandKaktuz""";1
@BarackObama;3
@Barbarajdurkin;65
@BarbenCrotts;1
@BareReality;1
@Bargas_treanty;1
@BarryColeCincy;1
@BarryDeen;1
@BarumDean;1
@BasedAsFcuk;3
@Bat_Yann;1
@Bauer__;2
@Beavisandbutt18;1
@BeckyJ1961;1
@Behind_Scenes22;1
@BeingBhagwa;3
@BeingSalmanKhan;1
@BelTel;1
@BelindaJones68;1
@Bella136Kate;1
@BellaWallerstei;1
@BenAntRaho;2
@BenMillerise;1
@BenPennings;1
"@BenWilliamsAlgo""";1
@Ben_Digedig;1
@Ben_James__;1
@Ben_Scallan;1
@BenjaminEnfield;1
@BenjaminSoholt;1
@BenjaminYumi8;4
@BenjiBacker;1
@Bent0916;1
@BentDepraved;1
@Berlidge;1
@BermondseyGump;2
@Bernermama4;1
@BernieSpofforth;3
@BertramDewell;1
@BesDMarx;6
@BestForBritain;1
@Betelgeuse591;1
@BetoORourke;2
@BettyBunny23;1
@Beyonce;2
@Bfurlich;1
@BhotaniShahzad;2
@Bibllustrated;1
@BidenTour;1
@BidensWins;3
@BigJoeBastardi;1
@Biglyness;1
@BilderbergsS;1
@BillClinton;1
@BillKristol;2
@BillShiners;1
@BillWatterson6;2
@Bill_Capehart;2
@Bill_Esterson;1
@BinaryUnicorn;2
@BioNTech_Group;3
@Bishopoftyler;2
"@Bismilah_Hoki22""";1
@BitBenderBrink;1
@Bitchute;1
@BitsyOot;1
@BjornLomborg;2
@BlackCa28867722;1
@Black_Kettle;2
@BlasphemousBan1;61
@BlindFaithBook;4
@BlondeelMathieu;1
@Blu3BanditTX;1
@BlueFrontierAC;1
@Blueridgewv;2
@BoSnerdley;1
@Bob99292956;4
@BobDunlap9477;1
@BobLevy54;4
@BobPersis;1
@BobSeashols;1
@Bob_Lyons;1
@BohimianRapCity;1
@Boi_dBoi_d;2
@BointonGiles;7
@BonafideKRS;1
@BonnieGlaser;1
@Booker4KY;7
@BookerSparticus;1
@BorisJohnson;2
@Bos77;4
@BoshartDavisAg;1
@BostonGlobe;1
@BowTiedRanger;2
@Bowenchris;4
@Bozena15259009;7
@BradMacpherson5;1
@BradPKeyes;3
@Brad_Spielman;1
@Bradley76020;1
@Bradley_W_Parks;1
@BradsNC;1
@BrandonLive;2
@BrandonStraka;1
@Breaking911;1
@Breakthrough;1
@BreezerGalway;1
@BreitbartNews;1
@Brekster2000;2
@BrendaABrown5;1
@BrendaLumpp;1
@BretBaier;1
@Brexit011;1
@BrianBellia;5
@BrianHolle;1
@BrianNazarenus;6
@BrianTu85458331;4
@Brian_Riedl;1
@BridMcGrath;1
@BrknMan;66
@BrockLesnar;1
@BroisThomas;3
@BrooksChloe732;1
@BrotherRicky;1
@Brown666W;1
@BryanDeanWright;9
@BubbasRanch;67
@BuckAngel;1
@BuckSexton;10
@BuddyLuh2;1
@Buddythereddog;1
@BuffaloBillCo;1
@BurggrabenH;1
@Burke4Senate;1
@BurnsideNew;1
@Bustersword40;1
@ButterleyReg;1
@Bvalentines0;1
@ByDonkeys;15
@ByRakeshSimha;1
@C0RRECT1ON;9
@C2C4USA;1
@CANDYMANCHENK;1
@CAugustenborg;1
@CBCNL;1
@CBSNews;3
@CBazzer00;1
@CCCPHL;1
@CCross1776;9
@CDCDirector;1
@CDCgov;4
@CDFleming5;1
@CDMarshall7;8
@CFigueres;1
@CGood07389762;1
@CHAMPION316;1
@CHSommers;2
@CIA;1
@CK4Jolie;1
@CMPunjabPK;1
@CMShehbaz;1
@CNBCWEX;1
@CNBCnow;1
@CNN;13
@CPCB_OFFICIAL;1
@CPC_HQ;1
@CPhilpOfficial;1
@CTVMarkVillani;1
@CTVNews;9
@C_Doshoian;1
@CadiusEldanesh;1
@Cafe333Cafe;1
@CalNatResources;1
@CalltoActivism;1
@CampingWorld;3
"@CanadaEthiopia""";12
"@CanadianPM""";1
@Canadianworker2;66
@Cancel_big_gov;1
@Candrafonda;1
@CantGuardLeBron;1
@Capitol_Weekly;1
@CaptGraybeard13;1
@CaptRonSolo;1
@CaptinAmerika1;1
@Cara60047879;1
@Cardfan1000;1
@Cardiffguy2022;1
@CarlBotha2;2
@CarlosR;1
@CarltonWhitfie8;1
@Carmichael787;1
@CarolBTome;1
@CarolinaBoy83;1
@CarolineLucas;5
@CarsRuinedLpool;1
@CassandraHalli7;1
@CatClifford;1
@CatlinNick;1
@Ceist8;13
@CelebJets;3
@CelebsArabic;1
@CentristMadness;1
@Cern_lXXl;1
@Cernovich;6
@Cerulea78083156;2
@CestMichaela;1
@ChadG2311;1
@ChamAfter;1
@ChamonixFirst;1
@ChamonixInsider;1
@Chamonix_Sport;1
@ChampionExcel;1
@Charb532;2
@CharlieJGardner;8
@CharlieOrange99;1
@CharlotteCGill;1
@ChazDavis10;1
@ChestyPullerGst;1
"@ChinaEmbAddis""";11
@ChloePart2;1
@Chris2_0_0_9;1
@ChrisBBacon3;71
@ChrisCuomo;1
@ChrisGPackham;5
@ChrisHildabrant;1
@ChrisJansing;1
@ChrisLe66439674;1
@ChrisMurphyCT;3
@ChrisNJWilliams;1
@ChrisSteelebot;3
@ChrisSwisher15;1
@Chris_1791;1
@Chris_Value;1
@Chrisdebois1;3
@Chriskjones3;1
@ChristieA222;3
@ChristinaPushaw;2
@ChristineDrazan;2
@Christy11796641;1
@ChristyStamper4;1
@ChurenceRogers;2
@CieGrant;1
@Cilazark;1
@CindyMunz;1
@Cindywc1;1
@Civil_Roar_;1
@ClaireKraatz;1
@ClareCraigPath;1
@ClareTotty;1
@ClarkCountyNV;1
@Clarsonimus;1
@ClassicsCBB;1
@ClaudiaLopez;1
@ClayJennette;1
@ClayTravis;2
@Cleisthenes5;1
@ClimateBen;1
@ClimateCClub;1
@ClimateDad77;2
@ClimateDetecti1;1
@ClimateHuman;5
@ClimatePoet;4
@ClimateScam;3
@ClimateSigma;1
@ClimateSkeptic4;5
@ClimateZA;1
@Climate_Takes;4
@Climatehope2;8
@Climatologist49;2
@CliveFlint;1
@Clone394;1
@CoatesMather;1
@CocktailPolitik;1
@CoinHours;3
@ColelliCol;1
@Collect47;1
@ColonelShotover;1
@ColorsTV;1
@ComfortablySmug;1
@ComradeFat;1
@ConSelfOwns;1
@ConceptualJames;6
@Concha_joe5;1
@Conservatives;1
@ConsultRampling;3
@Convertbond;1
@Convict025;4
@Cor3ntin;1
@Corky77714;1
@CorkySwift2;2
@Cornfrmr;1
@CoryBMorgan;1
@Cosmic_Engineer;4
@Cosmicenergy_;1
@Couple_Bucks;1
@CourteneyCox;1
@CoveringClimate;3
@CpaCarter;1
@CrackerCreepie;1
@CrafterTacky;1
@CreativeScty;1
@Crime1Politics;2
@Cris_Paunescu;4
@CrispyCX;26
@Crowsperch;1
@CryptoXDragon;1
@CrystalBull;3
@Currying_Favor;1
@CurwellJasmine;1
@CustomsEnd;1
@CuylerWilcher;1
@Cydomius1911;1
@CynthiaFlynn15;2
@D1xon_00;1
@DARLINDISSIDENT;1
@DCNationalGuard;1
@DDayCobra;1
@DEEEBADAZZ;1
@DFakExGoalanke;1
@DGinCheshire;3
@DJ90sHentai;1
@DJJGottschlich;1
@DJTisRight;2
@DJWCymruExile;1
@DMAFTMPersonal;1
@DMametja;1
@DNy1818;1
@DSVUKSEEDS;1
@DTGvmd;3
@D_Ericson;1
@D_mcP;1
@DailyCaller;1
@DailyOptics;1
@Daily_Express;1
@DairrheaDan1984;3
@DaisyAudraBlue1;1
@DaleGri02660341;1
@DaleVince;1
@Dalmane15;1
@DampDogBill;1
@DanCollins2011;1
@DanPriceSeattle;2
@DanRather;2
@DanSchu65305596;1
@DanTypo;1
@DanaCarroll67;1
@DangeRussWilson;1
@DanielA84612544;1
@DanielB59756947;1
@DanielH18281276;1
@DanielMazahreh;1
@DanielMcDonald4;2
@DanielPinalArts;4
@DanielTurnerPTF;1
@DanielaNadj;4
@DannyGona;1
@DaraghKirke;1
@DarillHudson;2
@Dark_Ray19;1
@DarkwingBeezWax;9
@DarrenGuthrie6;2
@DarrigoMelanie;2
@Darth_Argh;2
@DashDobrofsky;3
@Data79504085;6
@Dataanti;1
@DavMicRot;1
@DavQuinn;1
@DaveFromFlint2;1
@DaveOx13;3
@DavePerrino;1
@David11359148;2
@DavidAnber;1
@DavidCamham1;1
@DavidCrisafulli;1
@DavidGHFrost;1
@DavidHundeyin;2
@DavidJoh420;1
@DavidJollyFL;1
@DavidKoch;1
@DavidMu99957700;1
@DavidMuir;1
@DavidWohl;2
@David_L_Hood;1
@Davidmetroland;2
@Davy48924;3
@DawgRight;1
@DawnTJ90;16
@DawsonMdhoust;2
@DeSmog;1
@DeTocqueville14;1
@DeanBryce6;3
@DeanJC420;1
@DeanerNeedsLove;1
@DebOdonnell18;1
@DeborahKeenan12;1
@DeborahMeaden;8
@DeclanKearneySF;1
@DeeOvertoun;1
@DeepBlueSeabass;2
@DefenceU;2
@Deif_Beef;3
@DeletedSharon;1
@DelusionsMass;3
@DementedHuman;1
@Democracy1078;1
@DemocraticWins;2
@DempMcgee;2
@Denachtzuster1;1
@DenisDaly;1
@DennisSlatton;1
@DernKala;1
@Derrick_67;1
@Descarts11;1
@Despairbunny;1
@Destiny_Awaits7;1
@DeusTheAlmighty;2
@Devilstower;1
@DevineSean;1
@Devonian1342;3
@DiamondandSilk;1
@Diana45448;1
@DianeSare;1
@DickMackintosh;8
@DickieNuggz;1
@DiegoHAWK6;1
@DilipShah_;2
@DilworthAmanda;10
@DineshDSouza;3
@Director_EVDM;1
@Dirmagnos;9
@DirtyEffinHippy;1
@DirtyishHippy;29
@Discovery;2
@District7PHX;1
@DjokerNole;1
@DocDeezWhat;2
@DocSnow1;1
@Doctordapp;4
@DocumentingBTC;1
@DoesThisW0rk;3
@DogboneBob;1
@Dolmiomy;1
@DomainFrens;1
@DomesticCEOCat;1
@DominofromAZ;1
@DonFbpe;1
@DonJrCokedUp;2
@DonaldH53453815;1
@DonaldJTrumpJr;1
@DonaldJsTrumps;2
@DontHateMe4That;1
@DoombergT;6
@DoubleA8132;1
@DougBookwriter2;2
@DougalPaver;3
@Doz67622445;1
@DrAcula987;1
@DrBGellin;1
@DrBunsenMD;1
@DrEliDavid;3
@DrEmmaKatz;1
@DrGJackBrown;1
@DrJBhattacharya;1
@DrJamesEHansen;2
@DrJamesOlsson;3
@DrJoeAbah;1
@DrMariaNeira;1
@DrOz;1
@DrPetra;1
@DrProstycham_V2;1
@DrRandPaul;1
@DrSusanOliver1;1
@DrTedros;1
@DragoSogno;1
@DragonChaseJav;1
@Dragoth31305492;1
@DredPirate998;1
@DrewDinsmore9;1
@DrinkVictory;1
@Drinkin_Bros;2
@DrunkWifealytic;1
@DruseSaher;1
@DublinCommuters;3
@Duderichy;1
@Duke49293061;1
@DumdumTia;6
@DuskLegendstein;1
@Dwyertd;1
@ECOWARRIORSS;2
@EDTVProductions;2
@EDavidAn;4
@EEHELI;1
@EINWarming;1
@EPB_Chattanooga;1
@EP_President;1
@EPlurib15550118;1
@ERIC_1A;6
@ESGESG1001;1
@EShib_token;2
@EW___98;2
@EXPOSECORRUPT11;1
"@EamonRyan""";1
@EamonRyan;2
@Earth_on_tweet;3
@Earthjustice;1
@EasySimon;8
@Echobeach19;1
@EcoSenseNow;20
@EconResCouncil;2
@EconTalker;1
@Ecotainment_YT;4
@EdBlackEsq;1
@EdBohman;4
@EdJohnsonsmouth;1
@EddieSheerr;1
@EddieSmith3080;1
@EddyKurrents;2
@EduMinOfIndia;1
@EldersAction;1
@ElectricElecti1;2
@ElectricTorque3;1
@Elijah_Meeks;1
@EliotJacobson;6
@ElitePressTX;2
@Elkrosmediahub;2
@ElliotColburn;1
@Ellis_Greenwood;2
@Eloise98496253;1
@EmbassyofRussia;1
@Emer49034181;1
@EmilieMcKiernan;1
@Eminem;1
@EmmanuelRaju7;1
@EnarialP;1
@EndPooLitics;1
"@EndemolShineIND""";1
@Enea_H;2
@Energy4Europe;1
@EnergyAdvisor77;3
@Engr_tek1;1
@Eniwaiyedaran85;1
@Enkilo2;4
@Eorganorgan;1
@EpictetusFelix;1
@EricHolthaus;2
@EricWil06256732;3
@ErinChack;2
@EstherOfReilly;1
@EthonRaptor;11
@Etrick;2
@Euphoniumism1;1
@EvaMae4662;1
@EvanPlatinum;1
@EveryRightTo;1
@EvilArthurFleck;1
@EvilSmiff;1
@EwanMacKenna;4
@ExMissionary;3
@Excellclothing;1
@ExperienceTcm;2
@ExtinctionR;3
@EyeOfDeTiger;1
@EzeAyoka;1
@F1;1
@F1life44;1
@FAO;1
@FBI;30
@FBUCambs;1
@FChecker76;4
@FD2you;3
@FDRbrn;1
@FFFIndia;1
@FLastrade;3
@FOX29philly;1
@FOX56News;1
@FOX5Vegas;1
@FairShare11;1
@FairfieldAvenue;1
@FaithVegans;1
@Faktantarkast10;1
@Falk__Austin;1
@FanDuel;1
@Fanfaronade;1
@FangedTwo;1
@FelicityHannah;1
@Felix_Cat7;1
@FellaNafo;2
@FemmeVoilet;3
@Fenbeagle;2
@Fennaixelphox;1
@FerramoAlf;1
@FierceDefector;1
"@FinMinIndia""";1
@FinPlanKaluAja1;1
@FireMckean2019;2
@FistsFaceBrace;2
@FlavellG;1
@FlawlessCowboy4;1
@FlipCrypt2;1
@FloreFlos;1
@FlourChild9;1
@FlowersEnglish;1
@FoevaBlunted;4
@FogYelling;3
@FoodDayCanada;1
@Forbes;1
@Ford;1
@Ford15018;1
@FossilFission;10
@FossilLocator;1
@FoundngAttitude;1
@FoxBusiness;1
@FoxNews;23
@FrancescaMompl1;1
@FrankLuntz;1
@FrankieIsingel;1
@Franklin_Graham;1
@Freak0nIine;1
@FrediOtto;1
@FreeStateFl;1
@FreeThi56993890;1
@Free_to_CRUZ;1
@FreedQben;4
@FreedomGeopol;2
@Freeeethinker1;1
@FreeseVera;1
@Frenchywilson;1
@FriedrichE49;1
@Friendof_Darwin;2
@FriendsOScience;9
@FriendsTV;1
@FritsV4;1
@FtLaudPetSitter;1
@FuelOnTheFire;1
@Fumani_Mabunda;1
@FureyAndrew;2
@Fwd_Party;8
@G88187360;1
@GAWHeckman;2
@GBNEWS;8
@GCHQ;1
@GComptroller;1
@GHalf59;1
@GOP;8
@GOPLeader;1
@GOVUK;2
@GPRacer51;2
@GRITCULT;1
@GVedeld;1
@GWUEconomics;1
@GZzyzyx;6
@GabySantosHND;1
@GadSaad;1
@GailGilliam13;1
@GalanthusA;1
@Galcondude;6
@Galileo62303273;9
@GalsworthyLucy;1
@GarnerDarell;1
@GaryGensler;1
@GaryLineker;4
@GaryNotHairy;4
@GaryProudDad1;1
@GasPriceWizard;1
@GavinNewsom;3
@GazmatazLondon;1
@Gbracy3;1
@GeeScottSr;1
@GeoffPAus;1
@GeoffVallis;1
@Geoffhaskell1;1
@GeologyTime;1
@GeorgeG93021521;2
@GeorgeKZI;29
@GeorgeMonbiot;1
@GeorgePapa19;2
@GerHerbert1;1
@GeraldKutney;18
@GerryCallahan;1
@GervinCurtis;1
@GhostLimburg3rt;1
@GhostPanther;1
@Ghostcrawler;1
@Giantpoke;1
@Gibsonleonard32;2
@Gilgame39722127;1
@GimpVet;1
@GinnieMaeGov;1
@GioBruno1600;1
@GiveUsAQuid;2
@Gladeskat;4
@Gladfly1;29
@GlennCarr6;59
@GlennHarte90;1
@GloucesterCity;1
@GmorkOfNothing;1
@Godslightangel7;2
@GolfChannel;1
@GordonBrown;1
@Gordon_DHG;4
@GoughMonet;1
@GovAndyBeshear;34
@GovKathyHochul;1
@GovRonDeSantis;1
@GovSisolak;1
@GovernmentZA;1
@GovtofPakistan;1
@GrahamKirk17;4
@GrahamY;1
@GrainneFallon;1
@Grange09991182;5
@GrantB911;1
@GrantNoland;1
@GreenGuerilla1;2
@GreenJennyJones;1
@GreenLibDems;1
@GreenRupertRead;1
@GreenieYogini;3
@Greenpeace;3
@GreenpeaceUK;12
@Greens4Nuclear;2
@Greg72639498;1
@GregFrmKy;1
@GregLBean;1
@GregMcLeanYYC;1
@GregShephard1;1
@GregoryDavisHNH;1
@GretaThunberg;4
@GreyTash;1
@Grimisham;1
@Grimnien;2
@Grofe;2
@GrumpyCatterman;1
@Gudie;2
@GuerillaInvest1;1
@GuyEric11;2
@Gypsytrapper;4
@GzfJavo;1
@H76Ja;1
@HARRISFAULKNER;1
@HBabcock10;1
@HLStockenstrom;1
@HRShahrokh;1
@HYENABLOOD;1
@Habibipulse;1
@HackneyAbbott;1
@Hades91117954;1
@HaircutSpock;1
@Hakimi09966557;4
@Hakimi45926227;4
@Hakimi82421476;59
@HalBrow68884227;62
@HalafibnSargado;1
@Hale823;1
@HamRadioJoe;3
@Hank1QLR;1
@HansonMoor;1
@HanyaToderoff;2
@HappensClimate;62
@Happy2BeThere;1
@HappyCowRanch;1
@HariSeldon12020;2
@HaringeyLabour;1
@HarmlessYardDog;1
@Harrietphoto;1
@HarriettmooreB2;1
@HarrisSamaras;2
@HarrizSwift13;1
@HarryTHop;1
@HasbullaHive;1
@HashimJBakht;1
@Haso4M;1
@HattiePittie;2
@Havenaar64;1
@HawleyMO;2
@HayatAlvi;2
@HeadsUp;1
@HeartsofOakUK;2
@Heather81247731;1
@Heather89657762;1
@HebMacMan;1
@HecticxToxic;2
@HeldenWim;1
@Helpdesire1;1
@HelvidiusPrisc;1
@Henkydory;1
@HennigarRd;1
@HenrikHindby;9
@HenryFingleton;1
@HensonJames11;1
@Heritage;10
@HerschelWalker;1
@HertsDobo;1
@HesterPeirce;1
@HexmaniacNicole;1
@HiFiWhiPhi;4
@HillaryClinton;1
@HippieChickie58;1
@HistoryBoomer;1
@HitsLondon;1
@Hji45519156;3
@Holbornlolz;1
@Holly_Kaufman;1
@HonorCode7;1
@HooloovooBlue;2
@HouseDemocrats;2
@HouseGOP;2
@HsuRina1;62
@Huckleberry1023;1
@HumbugSonof;9
@HungryScribbler;1
@HuntersArtWork;1
@Hyundai_Global;1
@IBergwiesel;4
@ICRC;1
@ICRC_Africa;1
@IDBZW;1
@IEA;1
@IFAmedia;2
@IFRCAfrica;1
@ILoveH1story;2
@ILuvCO2;2
@IMMahmoodKhan;1
@IMaluzynsky;1
@INCIndia;1
@INTERPOL_HQ;29
"@IPCC_CH)?""";1
@IPCC_CH;2
@ISS_Research;1
@ITShortKing;1
@IZMKS44;1
@I_D_D_Y;1
@I_am_Mutated;1
@Iain643;1
@IanDJbrown2;68
@IanHugh07940666;9
@IanIanhanson1;1
@IanTurner4;1
@Ian_Fraser;1
@IceAge2150;3
@IceGoingSouth;1
@IcnirpMick;9
@IfMarys;1
@Igniteliv;1
@Ihaveadreammlk2;1
@Ihonestlydont19;2
@IlhanMN;2
@ImCrius42;1
@ImMeme0;2
@ImWatson91;1
@ImranKhanPTI.;1
@ImranRiazKhan;1
@InBed17;2
@Inafr_officiel;1
@IncomeTaxIndia;1
@IncomeTaxNWR;1
@Independent_ie;1
@IndoSport;1
@IndyMagz;2
@Infinty1001;1
@InfoWars_Alerts;1
@InfraHaz;1
@IngersolRobert;79
@IngrahamAngle;11
@Ingram10Richard;1
@InsulateLove;1
@IntelCrab;1
@InternetHippo;1
@Internet_TLCM;2
@Inthetwitofit;1
@IntservPainting;1
@InvestigatorCps;1
@IoloWilliams2;1
@IratiPratSC;1
@IrishTimes;1
@IrnrnaBeastLoL;1
@IrvingForbush2;1
@IsabelOakeshott;1
@ItsSaturnday;1
@ItsTheAtmospher;6
@Its_a_mess_2020;6
@IwasOfa;3
@Iwontcalmdown;1
@IwriteOK;1
@IzzySobiesiak;1
@J0aquIm_B4rb0s4;3
@J41963735;1
@J5_Project;1
@JAlan21813286;3
@JCOviedo6;1
@JDCocchiarella;1
@JDS44894884;1
@JDVance1;2
@JDavis79742468;1
@JDunlap1974;1
@JEChalmers;3
@JENNRAES23;1
@JEPnews;1
@JFN1971;1
@JHerbatov;6
@JJJungleJim;2
@JKSteinberger;2
@JLVsTW1;1
@JLivingstonSe1;1
@JMPSimor;1
@JMPeck69;1
@JMichaelsonUT;1
@JNewton1084;1
@JNicholsonInDC;1
@JOEBOTxyz;1
@JONofW4R;1
@JPrestenbach;1
@JRLgdnr;1
@J_Bradley62490;1
@JackBeattyNPR;1
@JackDetsch;1
@JackPosobiec;5
@JackSailor9;1
@Jack__Daniel___;2
@Jackafrosty;1
@Jackthelad1947;1
@JacobRingle;2
@Jacob_P_Gould;1
@JacquelynGill;1
@JadedJourney;2
@JaggerMickOZ;2
@JainMaggii;1
@Jaisans;6
@Jakegsm;3
@JamesAlanOLOO;1
@JamesCa45920153;1
@JamesCarville;1
@JamesGDyke;1
@JamesGoyette1;1
@JamesJo76415286;1
@JamesKitts12;2
@JamesLauder12;1
@JamesMarkGibbs1;3
@JamesMelville;21
@JamesonHaygood;1
@JamieG60061810;1
@JamieSWilson;2
@Jamienzherald;1
@Jan22Sure;4
@JaniceFinnerin;1
@January6thCmte;1
@Jasmin04301807;2
@JasonKander;2
@JasonOfTerra;1
@JavierBlas;1
@JavierGoya7;1
@Jaxonmedic;6
@JeanCharest_;1
@Jeffery1313;1
@Jeffrey75327765;4
@JeliraMelati;1
@JennMarohasy;1
@Jennisknees;1
@JeremyClimas;2
@JeriLRyan;1
@Jersey_Gulls;3
@JessMonroeX;1
@JesseJamesBond;1
@JessicaBiel;1
@JessicaSimpson;1
@JessicaWriston;1
@Jessicablonde14;1
@Jexyka_3;1
@Jillie_Alexis;1
@JimBlack48;65
@JimBowersclimb;4
@JimCantore;1
@JimHapenney;1
@JimJaco00301653;1
@Jim_Jordan;1
@Jimhusband1;2
@JimiCohen;1
@Jiminbaess;1
@Jinella15;1
@JoJoFromJerz;2
@JoRichardsKent;1
@Jo_HNGalt;2
@Jo_WhiteheadUK;1
@JoanHenry7;1
@JoannaGoodchil3;1
@Joanne_NL;2
@JodieAbacus;1
@JoeBiden;8
@JoeEason1;1
@JoeFordBama;1
@JoeManchinWV;1
@JoeNemesis11;1
@JoePostingg;1
@JoeRobinEnjoyer;2
@JoeSquawk;1
@Joeblueblur9;1
@Joel1usa;1
@JoelWickoren;1
@JoeriRogelj;3
@JoeyCarbstrong;1
@JoeyDrew10;1
@Jofomah;2
@JohnBroGBP;2
@JohnCleese;1
@JohnCornyn;2
@JohnDublin10;3
@JohnFetterman;1
@JohnGCislo;1
@JohnHall2946;4
@JohnJHarwood;1
@JohnOz1900;3
@JohnPisulaMBA;9
@JohnPot259;2
@JohnRee58027351;1
@JohnSteley;1
@JohnStrawson;1
@John_Scott_G;1
@Johngcole;1
@JohnnyBahamas3;1
@JohnnyGreyHS;2
@JonChevreau;1
@JonErlichman;2
@Jon_O90_;1
@JonahFisherBBC;1
@JonasPitt03;2
@JonathanSarfat1;1
@Jonnyporkchop;3
@JordanChurchil8;4
@JordanSchachtel;1
@JoseSalgad;1
@JoshBavas;1
@JoshPierce3;1
@JoshuaPotash;15
@JoyAnnReid;2
@Jry123456;1
@JsharkJill;9
@JuanPeronsGhost;1
@JucheKoolaid;1
@JudexVeritatis;1
@Judgenap;1
@JudicialWatch;1
@JudyJim3;1
@Jules28494381;1
@JuliaHB1;15
@Junia_ingenieur;1
@JuniorM0331;1
@JunkScience;17
@Jus_Sanguinus;1
@JusperMachogu;1
@JustCollapse;1
@JustStop_Oil;3
@JustThi30117912;3
@Just_In_TimeAl;1
@JusticeTrudeau;3
@JustinB78519945;1
@JustinBaileyart;1
@JustinC99;1
@JustinMikulka;1
@JustinTrudeau;7
@K4RM4C0M4;1
@KCCINews;1
@KCTaz;5
@KHayhoe;1
@KIRO7Seattle;2
@KOLO8;1
@KP1963;1
@KSLcom;1
@KSeattleWeather;1
@KStateTurk;1
@KSure_KSxKS;1
@KTRTRS;3
@KUOW;1
@KVerschaetse;1
@KZambon;1
@K_2_Tha_L;1
@K_G_Andersen;1
@KagutaMuseveni;1
@KamVTV;1
@Kamagara7;1
@KambojAnanya;1
@Kanishka183;1
@KaputnikRegina;1
@KaraJarina;4
@KarachiUrbanLab;1
@Karl_Lauterbach;1
@KateDavidson;1
@KatePenner;2
@Katedoherty701;1
@Katheri03143948;1
@KatherineK221;6
@KathyBurke;1
@Katie36230153;1
@KatiePhang;1
@KavehMadani;1
@KayBurley;1
@KayChangImti11;2
@KayeTatton;1
@Kdenkss;1
@KdinJenzen;1
@KeillerDon;14
@Keir_Starmer;2
@Keith_Mundy;1
@Kelli52177036;1
@KellyDastrup7;1
@KellyMSchulz;1
@Keltic_Witch;1
@KemiBadenoch;2
@KenAkamatsu;1
@KenBerhan;1
@KenCaldeira;2
@KenJF4;1
@KenKenph59;1
@KenWorthinton12;1
@KennedyNation;1
@Kenneth72712993;73
@Kenny19793;1
@KensingtonRoyal;1
@Kentuckyweather;5
@KenyaNewsAgency;1
@KenyaSafi;1
@Kerrenbrau;1
@KerstinVockert;1
@KetanJ0;2
@KevinClimate;1
@KevinGills13;1
@KevinSchmidt14;1
@KevinSecular2;3
@KhusroMakhdum;1
@KiKiPosting;1
@KidCreole3;1
@KidRockFan4;1
@Kijkverder1;1
@KimDriver11;2
@KimJongUnNuking;1
@Kimberl75073804;5
@KimberlyLyn9;1
@KingOfCupsMgmt;3
@KingstonNYgov;1
@KitOfNowhere;1
@KitemanArgues;1
@KittyGrumble;1
@KiyaraSabel;1
@KlaasDe82362411;1
@KlaasvanDijk5;1
@KleeOntheRight;1
@Kmart_1227;1
@KnownHeretic;1
@Kokomothegreat;1
@Koning_Marc;1
@Kool_Aid_Husker;1
@KrVaSt;1
@KrankyKoala16;1
@KremlinRussia;1
@KremlinRussia_E;1
@Krensharpaw;1
@KrirbyLol;3
@KrisMolemans;1
@KristiLeighTV;2
@KristiNoem;1
@Kristyann39;2
@KurtSchlichter;6
@KySportsRadio;3
@KyivIndependent;1
@KyleSouther1;1
@LABeachGal1;1
@LBC;2
@LBacaj;1
@LGroenedijk;1
@LH44AA23;2
@LIVEpositivity;1
@LNWLF46;1
@LPMisesCaucus;1
@LPNational;2
@LRJ023;1
@LTDAmerican_;3
@LabGND;1
@LabourDefra;1
@LabourNorthWest;1
@LabourPatriot;1
@LadyConstance8;1
@Lady_Astor;2
@LakeCountry;2
@LakeLouise1988;1
@LakotaMan1;2
@LaneMonsterTX;1
@LarryBatesBTB;1
@LarsNewbould;9
@LasVegasLocally;2
@Lasher151;2
@LateNighter5;1
@LaterCapitalism;2
@LauraCRoark;1
@LauraMiers;1
@LaurieF40431180;2
@LeChouNews;1
@LeaderMcConnell;15
@LeaderMcConnell;1
@LeaderMcConnell?;1
@LeatherJoseph;1
@LeeCamp;1
@LeeHurstComic;1
@Leftychris2;9
@LeifLeifwalsh;1
@Leigh_Phillips;2
@Leightongreat;1
@LeoDiCaprio;1
@LeoDiCaprio;1
@LeoVaradkar;1
@LeopoldDilge;9
@LesJohnsonHrvat;4
@LeslieH42804691;2
@LewisHamilton;1
@LewisTamone;1
@Lewisdpi;1
@Lhaze155;1
@LibDemAus;1
@LibsOwner;3
@LidwienNews;1
@Lietdansnewlegs;1
"@Life4_Humanity""";3
@LifeIsG94605187;1
@LifeNewsHQ;1
@LifeNyc2;2
@LikaFrog;1
@Lilli2846;1
@LilliSawyer170;1
@Lillill17811542;1
@Limmered;1
@LimousineDem;6
@Linda_Solomon;1
@Lindhacker;2
@LindsayKempFan;1
@LindseyGrahamSC;2
@LisaMarieBoothe;1
@LisaVDempster;2
@LisaWal24884807;2
@LisadJohn707;1
@Lisatrainer10;1
@Littlwritergir2;1
@LiveNZ;1
@LiverpoolWande1;1
@LizMartinLabour;1
@LizTVLiz1;1
@Lo_VVriter;2
@LockdownManC;1
@LocksRusty;1
@LofayPeter;1
@LolaTep;2
@LondonFire;3
@Longy5566;1
@LookedExpensive;1
@Loopy_Johnson;1
@LordBriRobert1;1
@Lord_Keynes2;1
@Lord_Sugar;1
@LouGarza86;1
@LouisCy72344053;3
@LoveWavertree;1
@Lover1989stan13;1
@LqLana;1
@LuaraHanley;5
@LucasBRogers;2
@Lucasi_poolcues;1
@LucianTritt;6
@LunaIssy;1
@Lunatic__Fringe;1
@Luv_FellyFells;1
@LynAldenContact;1
@Lynoure;1
@MBenDavidWY;1
@MFA_China;1
@MHayden951;2
@MID_Kaliningrad;1
@MLBinWA;2
@MMcrzyldy;1
@MNoybn;1
@MONTBLANC_NR;1
@MSNBC;1
"@MSuppasit""";1
@MSuppasit;3
@MTA;1
@MTV;3
@MTVNEWS;1
@MTophamLS;1
@MULTiVersesNews;1
@MYANC;1
@MaajidNawaz;1
@MacKody;1
@MacleanJoyce;1
@Mad_Makwa;1
@MadeNChynna;1
@MadeaMinaj;1
@MadeleineCuff;1
@MaggieTrainor;1
@MagnaCartwheel;1
@MahyarTousi;1
@MailOnline;2
@MajorMcBloodnok;1
@Majorcafan;1
@Makerere;1
@MaksudaRahimov1;1
@MalcolmNance;1
@Malcolm_Sillick;1
@Mallorymillett1;1
@MannyCalavera12;5
@Marco35117419;1
@MarcoRubioCuba;1
@Marcothomas1;1
@Marcusgibson;62
@Margaret1Brady;1
@MargaretClark12;1
@MariaBartiromo;2
@MarieAnnUK;1
@MarijuanaPolicy;1
@MarkBennett07;1
@MarkRobinsonMP;1
@MarkSto06330067;1
@Mark_A_Lunn;4
@Mark_Butler_MP;1
@MarkedOut4;2
@MarkoSilberhand;2
@Marriyum_A;1
@MarshaBlackburn;10
@MarshallCd;3
@Martagnan72;2
@MartinBrampton;9
@MartinC86201657;1
@MartinDaubney;1
@MartinHeinrich;2
@MartinJBern;8
@MartinM0423;1
@MartinSLewis;5
@MaryBuddHR;1
@MaryamNSharif;1
@MashwaniAzhar;1
@MathewMoisture;2
@MattHancock;3
@MattMcInnis6;2
@MattWalshBlog;7
@Matt_GS;2
@Matt_Seligman;1
@MatthewHavicon;2
@MatthewOToole2;1
@MatthewWielicki;4
@Maun_Gamer;1
@Max__Fin;1
@Maxlogan1112;1
@MaxwellMorley;1
@MayankSeksaria;1
@MayoIsSpicyy;1
@MayorBowser;2
@MayorofLondon;2
@MayraFlores2022;1
@Mazmania2;1
@McDonald4Avalon;2
@MechanicznaC;1
@MedBennett;64
@MediaBuzzFNC;1
@MediaHatesYou;1
@MediaWeasel;2
@MedvedevRussia;1
@MeehanCarolAnne;1
@MeeusSooi;1
@MeganWi90287242;1
@MeghanWalsh_;1
@Meghanduggan1;1
@MeghnaWBUR;1
@MeidasTouch;1
@MelanieLaPierr9;6
@Melina_Cher_;1
@MelissaMBalyeno;1
@MelodyHaywood3;1
@Meow81998508;1
@Mercurialnot;1
@MerryMichaelW;1
@MerseysideCycl2;1
@MetalSD_68;1
@Mexico1978R;1
@MhehedZherting;4
@MiaMagdalena;1
@MicWelshman;1
@Michael02364675;1
@Michael63746953;3
@Michael98410246;1
@MichaelBrailsfo;1
@MichaelBuble;1
@MichaelEMann;64
@MichaelJRoots;1
@MichaelMann;1
@MichaelSteidel;1
@MichaelWorobey;1
@Michael_Brent55;1
@Michael_D_Crow;66
@Michaelgrosber2;1
@Michelle801Ape;1
@MickGreenhough;1
@MickMickDos;1
@MickRobins;1
@Mickbraz1;1
@Micmac2240;1
@MidoriMushrooms;1
@Miggie07758273;3
@Mijn078Mening;1
@Mikasa25;1
@Mike44502881;2
@Mike85895Smith;3
@MikeDel21893959;79
@MikeHallYall;2
@MikeHudema;4
@MikePhilbrick99;1
@MikeRabsich;1
@Mike_Fabricant;1
@Mike_Pence;1
@Militant_Gnomes;21
@MinPres;1
@Minecraft;1
@MiriamL99472550;1
@MiriamOCal;2
@MissPatriot17;1
@MissingKids;1
@Mistywoman1;1
@MittRomney;1
@MlRROR_BALL;1
@Mmobark86237715;2
@MnHeatMac;1
@MoIB_Official;1
@Moderna5G_666;63
@Moe_MDKT;1
@MoetownLee;1
@Mollyploofkins;1
@MommaMaryBeeGr8;1
@Mon4Kooyong;3
@MonicaCrowley;1
"@MonisElahi""";1
@MonsterGarou;1
@MoreTadpole;2
@MorriseyWV;3
@MorseBart;4
@Mountaingoat55;3
@MovieCrazeYT;1
@MrBill_Resists;1
@MrFelon_;1
@MrMatthewTodd;1
@MrSHRock;1
@MrSamSee;1
@MrStache9;1
@Mr_Bond___;1
@Mr_S1n1st3r;2
@Mr_W_Carpenter;1
@MrsAmERIKA_3;2
@MrsBwearsamask;1
@Mrtz1853;1
@MsBlaireWhite;2
@MuddyWatersRecs;1
@MumClimate;1
@MumbaiMetro3;1
@MumukshuSavitri;1
@MurphyOfMercia;1
@Murray13mark;1
@MurrayMack4;1
@MusakiMugatsia;1
@MushroomWonders;1
@MusicFrom90;9
@MwangoCapital;1
@MyBoxerLuvMac1;1
@MyClickInTime;1
@MyGovKe;1
@MyJohnsonIsLov1;1
@MyNamesGuy;1
@MyRightSwing;1
@N16Rectory;2
@N1MonetDefender;1
"@NASA""";1
@NASA;2
@NASAClimate;3
@NASAEarth;3
@NATO;1
@NBCNews;30
@NBCNightlyNews.;1
@NCGOP;1
@NEI;1
@NEOM;2
@NFreak;1
@NHAI_Official;1
@NIH;3
@NJcailin;1
@NMLasVegas;1
@NPR;3
@NRO;1
@NSAGov;1
@NSVann;1
@NTVNewsNL;1
@NUFC;1
@NUnl;1
@NWS;1
@NWSStLouis;1
@NWSVegas;1
@NYACC1978;1
@NYCEDUC;1
@NahBabeeNah;2
@NakabuyeHildaF;1
@NakulTo22985369;2
@NamelessGhoulTX;2
@NanaBee29828676;1
@NaomiJOxO;1
@Narvuntien;56
@NashvilleFD;2
@NatCatTom;2
@NatGasGuy1;1
@NatGeoTV;1
"@NatObserver""";1
@Natalie6576;1
@NateBell4AR;1
@NaturePortfolio;1
@NbrewerNeil;1
@NdabaningiMoyo;4
@NeatCraftsmen;3
@NedalGhassan;1
@Nefertittie_;1
@NeilGarratt;1
@Neilcharles1450;3
@Nepal1999;4
@NerdPyle;1
@NewYorker;1
@NewingJames;1
@NewportJazzFest;1
@NewsWecu;1
@NextWaveEFT;1
@NextdoorMiumiu;1
@Niall_Boylan;1
@NicTrades;2
@Nick1130223160;1
@NickAdamsinUSA;3
@NickFalacci;1
@NickForVA;1
@NickHintonn;1
@NickLachey;1
@Nickelback;1
@NickersonUK;1
@NickileeP1966;1
@Nigel_Farage;1
@NikDavidYaron;1
@Nikiliweb3;1
@NinaVaughnMAC;1
@NinjaNik;1
@NintendoUK;1
@NoBigGovDuh;2
@NoLieWithBTC;3
@NoLongerThatGuy;1
@NoPanic78;1
@NoRussianBottt;1
@NoScienceDenial;1
@Nocorruptjudges;1
@NoelTurner194;63
@NonKnower;1
@Noneyouknow22;1
@NoraNanza;1
@NormanC28839418;1
@NorthBank65;1
@Not00ffffMan;1
@NotABigJerk;2
@NotSoSilentBob1;3
@NotTinaKotex;1
@NotWoke45;1
@Not_the_Bee;1
@NotaliaMateo;1
@NotionHQ;1
@NovElection2024;2
@Numbers28;1
@NunesAlt;1
@Nur_wundern;1
@OANN;1
@OChirca;1
@OGDuckington;1
@OKalleklev;1
@OPB;1
@OXHarryH1;1
@Oakley1Annie;1
@Observeerder;1
@OccupyDemocrats;1
@OctoberFerguson;1
@OctopusEnergy;1
@OffGridTech_net;9
@OfficialAitch;1
@OfficialDGISPR#;1
@OfficialOPLive;1
@Official_WXUK;2
@Oggie_Z;1
@OhioYallers;1
@OilInUg;2
@OkonkwoPerez;1
@OldMutualZW;1
@Oldglorycries;1
@OliviaWannan;3
@Ollie_Cycles;1
@OlumideIDOWU;2
@Omasiri_chi;1
@OnPatrolFbFans;1
@OnPatrolLEOs;1
@OnPatrolNation;1
@OneMoreDog1;1
@OneyNG;1
@Oommen_Chandy;1
@OpChemtrails;1
@Optimistic081;1
@OregonGovBrown;1
@Orgus_ballz;1
@Orioles;1
@Ornamentaldont1;1
@OrwellNGoode;5
@OsosaChris;1
@OurWorldInData;2
@Our_DA.;1
@OzAlphaWolf;1
@OzzmanOsgood;7
@P3ng1z;1
@PAU_Uganda;2
@PBones22;1
@PCribbett;2
@PDemichel;4
@PEACHYBLACKG0RL;1
@PETAUK;1
@PGATour;1
@PIA_NCR;1
@PJMikhailovich;1
@PMOIndia;2
@PMSimferopol;1
"@POTUS""";1
@POTUS;114
@PTIofficial;1
@PTSDiscussion;1
@PTroubleshooter;1
@P_mathers;3
@PaPaJeff1969;1
@Pablotrumpsucks;1
@Pada1r;1
@PadmaLakshmi;1
@Paganliam;2
@Pakeha56;1
@PalDoesNotExist;1
@PamalaDalrympl2;1
@PamelaHensley22;3
@PammsyB;1
@PapiTrumpo;1
@Paradox28;1
@Parlez_me_nTory;1
@Parliament_Ug;1
@Partisan_O;1
@PassiveCndIncom;1
@Pat10th;2
@PatWilliams1944;1
@PatriciaSoll1;1
@Patrick50cal;1
@PatricktheB;7
@Patriot13777123;1
@PatriotInSF;2
@PattyArquette;1
@Paul4Science;3
@PaulDFarrar;3
@PaulHarvill;1
@PaulLahticks;1
@PaulLomax;2
@PaulSeczek;1
@PaulTreyvaud;1
@PauliLyingTruth;1
@PayneBastille58;1
@PeaceJ9;1
@PeaceLoveUnder3;1
@Peace_envogue;1
@Peasant_1066;1
@PebbleTonic;1
@PeggyWaugh1;1
@Penelop47346593;3
@Pennell10Dan;2
@PennyLynn3;2
@PerKurowski;2
@Persian70509610;1
@PeshtUda;1
@PeteWilliamsNBC;1
@PeterCronau;1
@PeterDClack;21
@PeterDutton_MP;1
@PeterMcCormack;1
@PeterMyercrypto;1
@PeterObi;1
@PeterOlivier;1
@PeterPalumbo1;1
@PeterRHann1;1
@PeterSweden7;13
@PeterWSinclair;1
@Petey_Brown;1
@PetraAu;1
@PetzerBjern;1
@PhantomArcade3K;1
@Pharaoh425;1
@PhilGregson;1
@PhilHay_;1
@PhilMurphy;1
@PhillipCoorey;1
@PhillyPolice;1
@Philly_woo87;1
@Phoebejoy1611;1
@Phoenix_Nation;1
@PhrygianEon;1
@PicsOrIt;1
@PictonCycles;1
@PierrePoilievre;3
@Pikeroasto;1
@PinkFreudPhD;1
@PinkNews;1
@PintSizePolemic;1
@PionniersHockey;1
@PlantBasedNews;1
@Plasma4045;1
@PlcFred;1
@Pleightx;4
@Plstrd_art;3
@PlumberAlberta;2
@PlutooXr;1
@Pobble8;1
@PoeBrianL;3
@PolAnimalAus;2
@PolitiBunny;3
@PolitiFact;3
@Politics1com;1
@PoliticsJOE_UK;1
@PopBase;6
@PopCrave;4
@PoppyFletcher18;1
@PorchProgram;4
@Potus;1
@Poulin2012;1
@PraiseHisName50;1
@PramodMadhav6;1
@PremierScottMoe;5
@PrepForThat1;2
@Presidency_GMB;1
@PriceofOil;1
@PrideHouseBham;1
@PrismaticBlaze;1
@PrivateEyeNews;1
@ProbablyJut;1
@ProfBillMcGuire;2
@ProfKlausSchwab;3
@ProfPCDoherty;1
@ProfWotsHisFace;1
@ProfessorWerner;1
@ProficientMinds;3
@ProjectLincoln;1
@ProofofBrain_;2
@ProtoKactus;1
@Protons4B;1
@PrussianRemnant;3
@Psieve;1
@PsionicPsittacc;1
@Psychronia;2
@PunishedLink;2
@PyrOMG;1
@QE4_Countdown;2
@QTWIQ1;1
@Q_Review;1
@Qantas;1
@QuakeMedia;1
@Quea_Ali;1
@Queendode;1
@Quicktake;1
@QuiddityJones;1
@QurbanBugti17;1
@RAGINxCAJUN;6
@RAM0667;3
@RAMoulds;1
@RBReich;2
@RBiakpara;1
@RCSD;1
@RCamposDuffy;1
@RCarlyleAuthor;1
@RCoops1978;1
@RDTLadyGaga;1
@RFU;1
@RHMcK1;4
@RINYM_;1
@RJN12484;1
@RMTedinburgh;1
@RMTunion;2
@RNCResearch;3
@RRohampton;1
@RSchusterJR;1
@RStabb26;4
@RTERadio1;1
@RTE_PrimeTime;1
@RTLnieuws;1
@RW_KOTB;1
@RabbitTrails;3
@Rachael_Swindon;1
@RachelNotley;3
@RachelOsiris;1
@RachelTrimble12;1
@RachelWatson27;1
@RadioFreeTom;2
@RadioGugge;1
@Rafale_W;1
@RaheemKassam;1
@RailMinIndia;1
@Rainmaker1973;4
@Ramadhan0422;1
@RandPaul;9
@RandPaul?;1
@RandyRRQuaid;1
@Rdmar440;1
@RealAndyLeeShow;1
@RealBenabi;4
@RealDante12;1
@RealFaithTribe;1
@RealGeoEngWatch;1
@RealJustinMaxey;1
@RealPaulVarjack;1
@RealStoveAdams;4
@RealSwoletariat;1
@RealUltraMaga;6
@RealYazeedX;1
@RealZacStanley1;1
@Real_David_Deal;1
@Real__Ari;1
@RebeccaJ;1
@RebelNewsOnline;1
@RebelRancher;2
@RebelRidgetop;4
@RebelsAnimal;34
@RebornUnicorn1;1
@Recycle4Shef;1
@RedOnWight;2
@Redjont;3
@Redpilledguido;1
@RedsTheBest23;1
@ReedTimmerAccu;2
@ReelzChannel;1
@RefugeesCrisis;1
@RenatusVoltaire;2
@RepAOC;1
@RepAdamSchiff;1
@RepAndyBiggsAZ;1
@RepBoebert;1
@RepChuck;1
@RepElaineLuria;1
@RepLindaSanchez;1
@RepMTG;11
@RepRoKhanna;1
@RepSwalwell;2
@RepThomasMassie;3
@RepealSectLaws;4
@ReporterCioffi;1
@Resist2Exist313;2
@Resist_05;1
@Resist_dwp;1
@ResistereNews;2
@ReturningUser;1
@RetwaA;1
@Reuters;4
@ReutersFacts;1
@ReverendRuin;1
@ReverendWarnock;3
@RevoltPolitic;1
@RexChapman;4
@RexFNx;1
@Rex_TCG;1
@ReynoldsWolf;1
@RhodeIslandEMA;1
@RichMatulewicz;1
@Richard18653339;2
@Richard78002884;1
@RichardGrahamUK;1
@RichardRubinDC;1
@RichardStiller4;3
@RichardWByers;1
@RickAaron;1
@RickLazzarini;59
@RickU;2
@RightGlockMom;1
@RightsRobins;1
@RijuDas8;1
@RileyMooreWV;4
@RileyRuby2;1
@RileysDi;1
@Ring_Sheryl;1
@Rinnieroo4;2
@RishiSunak;3
@RitaMcRedLight;1
@RitaPanahi;2
@Rita_puspa07;1
@RitalinBurnout;1
@RiverWardRiley;1
@RlyGudTechDeals;1
@Rng314;1
@RoadsXR;1
@Roadshow11235;4
@RobBokkon;3
@RobMeekel;3
@RobRobbEdwards;1
@RobSchneider;3
@RobWalk79963727;1
@Robert76907841;4
@RobertC007;1
@RobertPowell55;1
@RobertVautard;1
@Roberth56356296;1
@RobfromMO;6
@RobinMSanderson;1
@Robin_Hagues;5
@RocketPulpHack;1
@RockyMountViews;1
@RoderickBeck;1
@RoelofBoer;8
@RogTallbloke;2
@RogerHallamCS21;2
@RogerRa09234150;1
@RonFancy;3
@RonFilipkowski;2
@RonnyJacksonTX;1
@RoopSingh;1
@RoryStewartUK;1
@RosenthalEllery;1
@RositaDaz48;1
@RossKneeDeep;1
@RossjournoClark;1
@Rosskkkkk;2
@Rothmus;5
@Roxana95150587;1
@RoyPentland;2
@Royalacresrod;9
@RstrixxX;6
@RuberMichelle;1
@RubinReport;1
@RunningWaters4;1
@RuralIreNews;1
@RusConsCapetown;1
@RusCons_TX;1
@RusEmbJakarta;1
@RusEmbNigeria;1
@RusEmbSriLanka;1
@RushhourP;72
@RustyAway;3
@RuthMacauly;1
@Ruth_Liu88;1
@Ryannn_NCFC;1
@Rythmol81;1
@S0000Rich;1
@S1776frdm;1
@SADGYALSYMPH;1
@SBhavikh;1
@SBrentMiller1;1
@SCPrice5;1
@SCROTUSinChief;1
@SCouple222;2
@SDERMOT;1
@SFSEgo;1
@SGchartupdate;1
@SKFilmsOfficial;1
@SMQureshiPTI;1
@SPACEdotcom;1
@SPepper1964;1
@STOPHEATHERTIME;1
@STVNews;1
@SZOMB;7
@S_D_Mannix;3
@S__KETC;9
@Sacboy44;1
@SadhguruJV;1
@SadieSink;1
@SageThinker99;3
@Saggit95;3
@SaleemulHuq;3
@Salemchevy1;2
@Sallyjoagain;1
@SaltaoVladimir;1
@SaltyMacTavish;1
@SalvantoCBS;1
@SamTarry;1
@SamaritansPurse;2
@SameeraKhan;1
@Samesies;1
@Samson10449320;2
@SanAntoGuera;1
@SapienWoman;2
@SarahAMcInerney;1
@Sarahst66109758;1
@Sasha67Oz;9
@SaskLass;1
@Satoshi2k21;2
@Saul2Palo;1
@SaurahThompson;1
@SawyerMerritt;1
@Scarfer13;1
@Schickrateez;1
@Schoderli;1
@SchuylkillMike;1
@ScienceJustWins;3
@ScienceMagazine;1
@Science_George;1
@Sciencenature14;3
@ScientiaPercept;1
@ScientistRebel1;1
@ScientistsX;1
@ScorpioAndrew28;1
@Scotsfox;1
@ScottAdamsSays;12
@ScottBurroughs6;2
@ScottCa73097031;1
@Sdg13Un;1
@SeanCasten;1
@SeanFlan45;3
@SeanMcGoldrick1;1
@Sean_C_Larkin;1
@SecVetAffairs;1
@SecYellen;1
@SecularSandwich;1
@SeedOilDsrspctr;1
@SegravesNBC4;1
@SenJohnKennedy;2
@SenMikeLee;1
@SenRickScott;2
@SenSanders;1
@SenSchumer;10
@SenStabenow;1
@SenTedCruz;2
@SenTinaSmith;2
@SenToomey;2
@SenWarren;1
@Sen_JoeManchin;29
@SenateDems;3
@SenateGOP;4
@SenatorCollins;1
@SenatorShaheen;1
@SenatorSinema;1
@SenatorTester;1
@SenatorWarnock;1
@SenghoreAl;1
@Sere_GreenOlive;1
@SergeZaka;1
@SergeiMillian;1
@Sfinn37;1
@Shadowzerg;1
@Shady4Eternity;1
@Shadzey1;1
@ShaneJa16905901;2
@Shared_facts;1
@SharkFloppKing;1
@SharkWeek;1
@ShartSheriff;2
@Shaughna_P;1
@ShaunKraisman;1
@ShawnMenard1;1
@ShaytanTruth;2
@ShehuSani;1
@Sheilam19534814;1
@Shell;5
@ShellyRKirchoff;3
@Shem_Infinite;1
@Sherdanack;2
@ShidoOhtori;1
@ShinyNumbers;1
@Shodoluidris;1
@SholaHoon;1
@SholaMos1;1
@Shotfullofholez;1
@ShroedingerBird;2
@ShutDown_DC;1
@Sicilianmafia13;1
@SiegelScribe;1
@SigmaMemes_69;1
@SilbersteinMatt;1
@SimonBrownhill2;1
@SimonJonesNews;1
@SimonLeeWx;1
@SimonMaxfield8;2
@Simonvibert;1
@SimpleSoul10;1
@Simple_Shaman;1
@SinglBiggestWay;1
@Sipetkop1;1
@SirJoey13;1
@Sir_David_King;1
@SkepticSplinter;1
@Skiridr;1
@Sky48115666;3
@SkyBetChamp;1
@SkyNews;8
@SkyNewsAust;11
@Skye_Laingx;3
@SlingbladeKarl;2
@SmallGov4All;1
@SmithNN8;1
@Smithyshere;1
@Snakeeater36;1
@Snev_;1
@Sniffy2;1
@SnipzPA;1
@SocDoneLeft;1
@SocialistCAN;1
@SolitudeSerene1;1
@SomeSis1;2
@Someguy192;1
@Songstress28;1
@SonnyBunch;1
@SonofHas;1
@SonuSin78131112;2
@SophieScamps;1
@Soumyadipta;1
@SouthPlains;1
@SouthernAF7;1
@SouthernNight33;1
@SouthernWater;2
@SpaceStation22;1
@Space_Station;1
@SpeakerPelosi;2
@SpeakingSatan;1
@Spencerfletch0;3
@SpiceFMKE;1
@SplinterGP;1
@SpokespersonGoK;1
@SpotTheLoon2010;1
@Squiddy0518;1
@SquirrelEstuff;1
@SrVerataro;1
@SsekatawaAli;1
@SsycoPainting;1
@StagaZigfried;2
@StandUp4Nuclear;1
@Stanley31173347;1
@StarOfTerra;1
@StateHouseUg;1
@Stem2022V;1
@StephHoover8;1
@Stephen90045069;19
@StephenRFidler;1
@SteveAikenUUP;1
@SteveBeecroft;1
@SteveDaines;3
@SteveFo75594500;1
@SteveForbesCEO;1
@StevePoliti;1
@SteveSGoddard;2
@SteveScalise;1
@StevenCNN;1
@StevenLucasChef;1
@StevenMBelknap;1
@StewartButton;2
@Sticklizard3;1
@StirredCrazy;1
@StokingFreedom;1
@Stone_SkyNews;2
@Stonekettle;1
@StopSizewellC;1
@StormSignalSA;62
@Stormbornwine;1
"@Strandjunker""";1
@StrawberryACAB;1
@Street6Gene;1
@StuartAdam_IFS;1
@StuartCrosz;1
@Subeditorsrule;1
@SueHank2;1
@SueSuezep;1
@Suebush55165412;1
@Sujioo0;1
@SullyBobbi;1
@SultanMd29;1
@Suns;1
@SunsetSoFresh;1
@Supermactoon;1
@SusanPoe7;1
@SusanTa72587111;1
@SusanWD4;1
@Susieqviews;1
@SuzukiRE5;1
@SuzyHazelwood;1
@Swagmire02;2
@SwatiJaiHind;2
@SwearingForex;2
@SylviaD32911201;2
@Syzrgy101;1
@T4person;1
@TAMU;2
@TCA7X;1
@TCB02910213;1
@THEBIGDM1013;1
@THP_hospital;2
@TIMGOLDFINCH;2
@TLDRNewsUK;2
@TNMilitaryDept;2
@TPBlue4;1
@TPUSA;2
@TPostMillennial;6
@TRF_Climate;23
@TTDerandere;1
@TTTMediaXR;1
@TWILLYG2;3
@TWTThisIsNow;5
@TXWorkforce;1
@TXsharon;1
@T_E_M_A;2
@TajBragg;1
@TakethatCt;1
@TalatBanday;1
@TalkTV;3
@Tamaradzntz;1
@Tanis1958;1
@TansuYegen;8
@Tark4Real;8
@Tarkett40;3
@TarotAngelorum;1
@TashtegoTim;1
@Tav1Amanda;1
@Tawcan;1
@TaylorTinkk;1
@Tcaddy5;9
@TeamDrazan;1
@TechnoServe;1
@TedKaczWasRight;1
@Teddy_Harris3;1
@TehFlood;1
@TelanganaCMO;1
@Telegraph;3
@TellyElk;1
@Terceracuanta;1
@TeresaM09216480;1
@TerryTransplant;1
@Tesla.;1
@TeslaPodcast;1
@TessaOutlook;1
@TexanGhost;1
@ThaddeusRussell;1
@ThaiNewsReports;1
@ThatCranky;1
@ThatGuy37931739;1
@ThatJoeDanGuy;1
@ThatTrophyWaifu;2
@TheBeatWithAri;1
@TheBrometheus;1
@TheCroHimself;3
@TheDamageReport;1
@TheDemocrats;4
@TheDisproof;12
@TheEconomist;1
@TheEllenShow;1
@TheEndisFar;2
@TheEvertonian78;1
@TheGard15289561;5
@TheGeneral_0;1
@TheGunnerNick;1
@TheHillOpinion;5
@TheHirstComment;1
@TheHounddog71;1
@TheInsiderPaper;2
@TheLeoTerrell;2
@TheLivingKira;4
@TheMaBrennan;1
@TheMikeyG_USA;1
@TheMole14;1
@TheOne_Saitama;2
@ThePaintedGrape;1
@TheParodyAccnt;1
@ThePlanetEarth;1
@ThePrizeForce;2
@ThePurpleGringo;1
@TheRealEggman;1
@TheRealKeean;17
@TheSNEAKO;1
@TheSoSMan2;1
@TheStalwart;1
@TheSun;1
@TheTangerineTa1;1
@TheTorontoSun;2
@TheTweetOfGod;1
@TheView;1
@The_Doctor_Why;3
@The_Inviziblez;1
@The_Jeremy;1
@The_OtherET;1
@The_Real_BiM;1
@The_Real_Joakim;1
@TheldlerWheel;2
@Therealdevcat;1
@ThiccoBalz;1
@ThingsIFindInt1;2
@ThomBradley8;2
@ThomasSirianni2;2
@ThurskiiHowl;1
@TiceRichard;2
@TigerlillySusan;1
@TimCart43160639;1
@TimCullinan_IFA;1
@TimMcElligott4;1
@TimRunsHisMouth;26
@TimSmithMP;1
@Timbuck241;1
@TimesNow;1
@Times__Earth;2
@Timmo_Crowley;1
@TimothyDSnyder;1
@TinTincognito;3
@TipZpapa;1
@Tiredoftrollsuf;1
@TitterHelpDesk;1
@Tll1Girl;1
@Tmafkab;1
@Tobga_;1
@TobieHawke;1
@Tokyo_Tom;2
@Tom575935021;11
@TomBullock3;1
@TomCher05739999;1
@TomCottonAR;1
@TomFitton;1
@TomPaineToday;1
@TomPlesier;3
@TomSaterCNN;3
@TomWhatsoeverB;1
@TomWilliamBert1;2
@Tom_Neverwinter;2
@TomiLahren;3
@TommyVarden;1
@Tony4WI;1
@TonyGulledge;1
@TonyOwana;1
@TonyWarne3;1
@TooFab;1
@TopRantKing;1
@ToriatheistTori;1
@ToryMoments;1
@ToscaAusten;1
@TourGuideLiverp;1
@TrailMagazine;1
@Tree_Binance;1
@TrevorDKidd1;1
@TrevorHifi;1
@TrevorrBates;1
@TrishCooper14;1
@TriviumOfficial;1
@TriviumPaolo;1
@Trudy72842064;4
@TrueNorthCentre;1
@TrumpLOST5;3
@TrumpWon2x;1
@TruthAbtChina;1
@TruthBiznich;1
@TruthJustis4USA;1
"@TruthStorm02""";1
@TruthVulgarians;1
@Truth_matters20;1
@Truthseeker0702;1
@Truthseeker1985;2
@TsalagiOK;1
@Tswizzie2;2
@TuckerCarlson;3
@TullimonstrumC;2
@Turk187187;1
@TwiHusband;1
@Twitter;3
@TwitterSupport;3
@TyotoRiffle;2
@UB5simon;1
@UBC;1
@UKFootballTweet;1
@UKLabour;2
@UKVolkswagen;1
@UKinEthiopia;11
"@UN""";1
@UN;2
@UNCCD;1
@UNEP;2
@UNEP_Africa;1
@UNFCCC;2
@UNHumanRights;1
@UNOCHA;1
"@UN_PGA""";1
@UPEI;1
@UPGovt;1
@UPS;1
@UPSers;1
@US2AStorm;1
@USA2224;2
@USAFacts;2
@USAVet_5;1
@USA_Raffi;1
@USEmbassyAddis;11
@USNA_73;8
@USNavy;1
@USPS;1
@US_FDA;3
@US_Stormwatch;1
@Ukraine66251776;1
@UltraMagaGhost;1
@UndecidedMF;1
@UnitExpEmerServ;1
@UnitedW22607736;1
@UnlikelyLass;1
@Upschittscreek1;1
@UsernameTMNT;2
@VAYankee;1
@VOCMNEWS;1
@VP;2
@ValaAfshar;1
@Valja46Zhark5;3
@ValleeChamonix;1
"@VanMagnus""";1
@Variety;1
@Varnas_Raven;6
@Varro_Analytics;1
@VaughanPappy;1
@VaushV;1
@Vaxed2DaMax;1
@VeBo1991;1
@VeganFriendly_;1
@VeganSupremeTM;2
@VegasVisions;1
@Veritatem2021;76
@VerminSupreme;1
@VeronicaTalbot9;1
@Veronicaa112;1
@VeterinaryHQ;1
@VickyVaroh;1
@ViewFromBlock93;1
@Viktor_Renquist;2
@VinceGottalotta;7
@Vinny61537413;1
@ViolenceCrisis;1
@VirginMediaNews;1
@VitalikButerin;2
@VitoMannone77;1
@VoiVoi007;4
@Vulcan_hobo;3
@WBrettWilson;2
@WBunchuck;1
@WCKitchen;1
@WFP;1
@WHUT;4
@WH_Birdy;1
@WHurensohn;2
@WMO;2
@WSFrance;1
@WSJ;1
@WTFISaHashtag1;6
@WTFreak_Spaggy;1
@WUTangKids;1
@WV_Rising;2
@WWERomanReigns;1
@WagerWire;1
@WallOfVets;1
@WallStreetSilv;2
@Wallisbadgerson;3
@WanderOn16;1
@WanderingGaia;1
@WarPath2pt0;1
@WasaibExplore;1
@WatcherGuru;1
@WaveWisperer;1
@WayneAllanH;75
@WayneGoodman82;1
@WeAreCanProud;1
@WeAreShortOTime;62
@WeRone777;3
@WeTheVoters2013;1
@WegeSusanne;1
@WeidenPaul;1
@Well_Regulated_;1
@WendellHusebo;2
@WendellMoone;1
@WendyRogersAZ;2
@WesleyHuntTX;5
@WestsideDarling;1
@WhatGiraffe_;1
@Whatevermind2;1
@WhiskyThaFox;1
@WholeMarsBlog;2
@WifeyAlpha;1
@WildAtlantic55;1
@WildPasts_;1
@WillWat6;2
@Willard1951;3
@WilliamA_33;1
@WilliamNB;3
@WilliamShatner;1
@WilliamYearnor;1
@WindFmAnalytics;4
@WinfieldRyan;1
@Wingpics;1
@Wizarab10;1
@Wolfpak561;1
@WooWooSpaceJew;1
@Woodsman108;1
@WorkersUtopia;2
@WorkingCap205;2
@Wryno;1
@WutinPladimir;62
@WydSlapzy;1
@WynnWs;2
@XOMFoundation;1
@XRLondon;2
@XRadarP;1
@XRebellionUK;2
@XavierILL;1
@Xenophon28;1
@Xossbow;1
@XrRebel;1
@Y0L0Jo;1
@YOURFRIENDSYLPH;1
@YaLiu4NC;2
@YahooNews;1
@YardleyShooting;1
@Yosemit07585253;1
@YouTube;2
@Youcantbeserio6;2
@Younes_Abutaleb;1
@YourMomb;1
@Your_A_man;1
@Yuki94793092;3
@YumiBod;1
@YusufRazaGilan1;1
@YvonneJJones;2
@ZC_LBNagar;1
"@ZafarHilaly""";1
@ZainHQ;1
@ZanKrajnic;1
@ZazuMcGoo1;1
@ZechariahSharab;1
@Zee_Hindustan;2
@ZelapYT;2
@ZelenskyyUa;1
@ZeroTwoMexicana;1
@ZfrookZ;1
@Zhou_Li_CHN;1
@ZombiePiano;3
@ZoticusofComana;1
@Zzzaikar;2
@_BarringtonII;4
@_Casaxova;1
@_DrSalami_;2
@_HughFriel;1
@_JackKey_;1
@_RaulRevere;1
@_Redwing_;1
@__apf__;1
@__phantomderp;1
@_austrian;1
@_fels1;1
@_fluffynana;1
@_jjdagoat;1
@_marinko_il1c_;1
@_peter_beard;1
@_silynd;1
@_whippet;1
@_wonkyteeth;1
@_zxnhle;1
@a1prentiss;1
@aDissentient;4
@aSinister;10
@a_hine;1
@aabattani;1
@aaronhoyland;1
@abc_columbia;1
@aboutparesh;1
@abratusek;1
@abumajaneen;1
@account_number_;2
@aceCourtBot2;1
@acexbigwins_;1
@adamtt222;5
@adamvettorel;1
@admirathoria;1
@adomfeh;1
@adriandix;1
@adriel80908735;1
@advisorrob;1
@advocatemahere;1
@afneil;3
@agent_of_change;1
@agnostic1886;1
@agnostoxxx;1
@agsweet2000;2
@ahrehead;6
@ahsurewell;1
@ahurial;1
@ai6yrham;1
@aidanweather;1
@aims_gov_au;1
@akaelwopo1;4
@akleghari;1
@alainamwood;1
@alan_maguire;1
@alanrycroft;1
@alaytonmorris;1
@alec_sears;1
@alertsense_dev1;1
@alex_avoigt;1
@alexjketchum;1
@alextonemusic;1
@alflow;2
@alfred_cabonena;1
@algohack;1
@algore;24
@alroker;1
@alumnixaviers;1
@alwiseman_;2
@alyssa_115;1
@amcelha3;3
@ammocrypta;2
@amyklobuchar;7
@amywestervelt;1
@anainsin;1
@anamariamb16;1
@anarsenalchap;1
@andersostlund;1
@andywhite1143;1
@angeltweetie;1
@angie_rasmussen;1
@anglosaxon1989;1
@angrybklynmom;1
@angrydemiurge;1
@annatolentini;1
@annenbcnews;3
@antonpikuly;1
@aphysicist;2
@appodlachia;1
@arXiv6174;1
@arc_gov_au;1
@archers6;1
@arcstake;1
@aref_nemati;1
@arikring;1
@armington_k;1
@arsenalgooooner;1
@arsenalopinionz;1
@arthur_eckart;2
@asIiceofhistory;1
@asbestos;1
@ashokgehlot51;2
@askeyJ_56;1
@astragal;1
@asymmetricinfo;1
@atRachelGilmore;2
@atherton_chris;3
@atrupar;1
@aunty_shirley;1
@autofac;3
@automatrix66_KC;4
@avalancheavax;1
@avatarmax123;1
@awaywiththefaex;2
@awillmakeit;1
@awscloud;1
@axrenton;1
@ayeejuju;1
@azarrahk;1
@backtolife_2023;1
@backwoodsohm;1
@badbuddhist01;2
@badgervindaloo;1
@badibulgator;1
@bald_and_bold;2
@ballysboy;1
@bambas88;1
@bankaudits1;1
@bankofengland;2
@barbbiereloaded;1
@bareftongravel;4
@bargobogan;1
@barstoolsports;7
@basschamonix;1
@battleaxeBrit1;1
@bazmd;4
@bbc;1
@bbirdbPhD;1
@bbycrablegs;1
@bcamarshall;2
@bcs_gov;1
@bdavidsonlamb1;2
@beawins_;1
@beccarala;2
@behindhomeplate;2
@beitz_jim;1
@belfast_prod;1
@belvethesurviv;1
@ben8beans;8
@benbrookjohn;1
@benjamincohen;1
@benmooreau;6
@bennyjohnson;2
@benshapiro;1
@bentawn;1
@bequiababe2;1
@bergchamp;1
@bernhardsson;1
@berry_hardman;3
@bessybyrne;2
"@bestboyeonjun""";1
"@betateachpod""";1
@beth_monje;1
@bethsmith432;1
@betterwrkbitch;1
@beverleyturner;2
@beycharts;1
@beyoncebrasil;1
@bfurnas;1
@biczaddy;1
@biffmack;2
@big_killa_;2
@biggob5;1
@bigherm8100;1
@biheretic;1
@billmaher;3
@billzinga;1
@bitterclingerpa;6
@bjames280961;1
@blackatlantic;1
@blackflagart;1
@blainekell6;1
@blake9517;1
@blanketcrap;1
@blastedgtl;1
@blatantly_sassi;1
@blondielocks74;1
@bluebirdpoopies;4
@bluegrass1111;1
@blunted_james;1
@bobbyblue05;1
@bobbyllew;1
@bonustr30205373;1
@booksngreetings;1
@bornawinner92;5
@bosschonk;1
@boyndgurl;1
@bp;1
@bp.;1
@bp_plc;1
@bpolitics;1
@bradleyw762;2
@brandondaly2018;69
@braxton_mccoy;1
@brenda_eanes;1
@brendan_galway;1
@brennan_angie;1
@brentpaddon;1
@brian_jphillips;1
@brianeno;1
@brianrushe81;1
@brianschatz;5
@brianstelter;2
@briantylercohen;5
@brithume;2
@britneyspears;1
@brittis1233442;1
@brixwe;6
@brndxix;1
@brunettecrypto;1
@bryan_johnsen;3
@bschaeffer12;1
@burbbz;1
@burrosavic;1
@business;2
@buzzseees;1
@byadavbjp;1
@byrnzie500;1
@c0mpani0ncube;1
@c_chris10;1
@cafreeland;1
@caitoz;2
@cakotz;1
@call_me_beavis;1
@callme_chisom;2
@callumxoxox;1
@cambsfrs;1
@camcitco;1
@camilapress;1
@campbellclaret;1
@canadab1967;1
@canberratimes;1
@candacenayman;1
@canncr;4
@canogbiz;1
@capitalweather;1
@captaincoconu12;1
@cardi_mark;1
@cargill_cathy;1
@carlquintanilla;1
@carol_falaki;2
@carolinedowney_;1
@caroljsroth;1
@carolyn86452721;1
@carolynporco;1
@cartoonnetwork;1
@casemat;3
@cashandcarrots;1
@caslernoel;1
@catdownunder;1
@catrussy;1
@catturd2;4
@cbeckj;7
@ccdeditor;2
@cchukudebelu;4
@ceidotorg;11
@centristozzy;1
@chamonixallyear;1
@chandraxray;1
@charlie981947;2
@chartdata;1
@chartgaga;1
@chef_peters;1
@chefjoelb;1
@chesire2050;1
@chevrolet;2
@chibaguy;1
@chicago_glenn;2
@chicken49264739;1
@children;1
@chiller;1
@chimera414;10
@chiproytx;1
@chl0daddy;1
"@chock20""";1
@choiceaustralia.;1
@choosefreedomf1;3
@chopdoll24;1
@chosensomto;1
@chrisconerly;1
@chrisd_jones;1
@chrishamilton70;1
@chrislhayes;1
@chrismartenson;4
@christianboutin;1
@chyllstorm;1
@cindybaconbits;1
@cindybax;1
@cindyluhusantos;1
@circastephen;1
@cjtjgeol;9
@ckuejio;1
@clairemcilvenna;2
@clandestinetra3;1
@claudiaperea;1
@clim8resistance;1
@climat_change;1
@climate200;1
@climate_fact;1
@climatedom;2
@climpeter;3
@clivebull;1
@cllrkatie;1
@cloutip1;1
@cm1183;2
@cmariedreams;1
@cmb1010;1
@cmckenney;1
@cmclarke717;1
@cmsense18;1
@cmsj;1
@cnnbrk;3
@cointsdg;2
@colin_goodayle;1
@commoncents1234;1
@coonavass;1
@coopuk;3
@coreytrivium;1
@corvus_maximus;1
@coug62;4
@covid_clarity;2
@covid_parent;1
@coxypm;1
@cpsavesoil;2
@crackedradical;1
@craigcooper78;1
@crastle13;1
@crimbusmcdingus;1
@crnrdfox;1
@crocka15;1
@csharpner;1
@cspan;1
@curryja;1
@cycleoflife8;1
@d4d_Swan;1
@d_e_mol;4
@dad_climate;1
@dadisthatyou;1
@daily_barbarian;1
@dailyinstavids;1
@daleyky;1
@damagedonegr;2
@dampishchalice;1
@dan613;4
@dan_nikolaides;1
@dana_myrocket;1
@danabrams;1
@dandock;1
@daniel__russo22;1
@dankilemi;1
@danlivni;1
@danniboi2011;1
@danoominator;1
@darcy77991;1
@darren_lipomi;1
@darrengrimes_;1
@dave161256;1
@dave_riter;4
@daverich503;1
@davidHenkel20;1
@david_darlo7;1
@david_hanselman;2
@david_r_morgan;7
@davidaxelrod;1
@davidhogg111;3
@davidmcgeoch9;1
@davidstehle;1
@dawnbuesing;1
@dawnegray3;1
@dazm229;3
@dbeitz6189;1
@dbirch214;1
@dbongino;10
@dcahughes;1
@dcneidermeyer;1
@dduane;1
@ddubinnie;1
@deadflegblues;1
@dean_mays11;2
@deirdreritchi10;9
@delboy993;1
@delicounter22;1
@democracynow;1
@democratslie69;1
@deray;1
@derekmueller;1
@derpberp1;1
@derspiegel;1
@detroitnews;2
@devlingirl;1
@dfinney16;1
@dhimasyudhansa;1
@dhmccain;1
@dianah248;1
@dionnesearcey;1
@dirk_fasshauer;5
@disclosetv;4
@discoveryplus;1
@djangoroo;1
@djstapleton34;1
@djysrv;1
@dkevrafox2;1
@dksdata;1
@dl4trump;1
@dlachenm;1
@dmcparson;2
@dnc;1
@doctorbuttons;1
@dodgerdude17;1
@dogwoodbc;1
@dohanews;1
@donnieofthedead;4
@dontlookupfilm;4
@dorthy_fromoz;1
@dougbamford;1
@doyafup;2
@dpatrikarakos;1
@dpoole1957;2
@dqschmidt15;3
@dr_oleksan;1
@drajm;1
@drb4eva;1
@drivetimerte;1
@drochir_thonnuk;11
@droverdriver61;1
@drsuffy;1
@drvolts;1
@dthroat;1
@dtjenkins1261;1
@duane_is_saying;1
@duatocin;1
@dulcieburt;2
@duplavortex;1
@dvassallo;1
@e_neko_san;1
@earthisaglobe;1
@easton_matty;1
@ecoolska;1
@ecotars;20
@edfests;1
@edlavaCNN;1
@educatoral;1
@edwardlamb;1
@effink777;1
@ejwwest;76
@ekverstania;1
@electronluke;1
@elie_mcn;1
@ellenroseman;1
@elliehotpig;1
@elliejoan8;1
"@elliemcohen1""";1
@ellymelly;1
@eloise_gibson;1
@elonmusk;112
@elonmusk;1
"@elonmusk.""";1
@elonmusk’s;1
@elsonbrandon13;1
@elvasgf;1
@emberk39;1
@emergencyreact;1
@emo_depso;1
@emsayle;1
@en43th;1
@endelstamberg;2
@energy_blogger;1
@energybants;2
@enthusiast_bus;1
@erandod;1
@eric_flesch;66
@ericgrothejr;1
@ericzeman13;1
@es_edwards;1
@espiteau;1
@evanperez;1
@explosive_pengu;5
@extremetemps;1
@exxonmobil;6
@eye_seeeee;1
@ez_mmk;1
@ezralevant;1
@ezzeeegooner;1
@fa;1
@farminginfife;1
@fatimatlis;1
@fatumakim;1
@fayekutschman1;1
@fcu_ker;1
@fearIessummers;1
@fearlessgirl82;6
@federalreserve;1
@feldnick4;1
@fema;1
@fergustp;4
@ff_many;1
@fightdenial;2
@finnarne;1
@floridasyayo;1
@flughafen_wien;1
@foamprojo;1
@followu65058072;1
@fomocapdao;1
@foothungina;1
@forsainz;1
@fortworthchris;1
@fox12oregon;1
@foxweather;2
@fraizeal;1
@frank_pitts;1
@freddie07068768;67
@free_rover;1
@freedomfghtr89;1
@freshburek;1
@frigate_x;1
@fringecannada;1
@frostyninjago;1
@fucklongcovid;1
@fullStackRacc;1
@funlovingNicole;1
@fwe1991;1
@gachoki_munene;1
@gailbradbrook;1
@gamez702;1
@garethkett;1
@garthwallbridge;1
@gatheredwaters;1
@gaybonez;4
@gaylebob;1
@gbill71;1
@gbmillion;2
@geffers64;1
@gene_lasecki;4
@genkiwastaken;1
@geoffmcfarlan;2
@getoffmylawn70;1
@ghost321;3
@giantgio;2
@giggsy69;1
@github;1
@gjcats;4
@glinch72;10
@globalnews;1
@globe_4_life;1
@glos_live;1
@gltymusic;4
"@gmail""";1
@gmwcrailway;1
@gobberssk8;1
@godisnottayble;1
@godlyproject;1
@goingglocal;3
@goinggodward;1
@goldenrubbie;1
@goldsilver_pros;1
@goodfoodgal;2
@googledevs;1
@gop;1
@gopchairwoman;1
@gordon_alive;1
@govabbott;1
@gpetroia71;1
@graceisforyou;1
@gragorag;1
@grahamsopinion1;1
@grantcohn;1
@grayl43;1
@greedy_bees;1
@greengranota;2
@greenparty_ie;1
@greg_price11;3
@greggutfeld;1
@griptmedia;1
@grumpy_F_in_sod;4
@grumpyporcupine;1
@gstrandberg1;3
@gtconway3d;1
@gtuckerkellogg;1
@guardian;8
@guardian;1
@gueatcn;9
@gumbastisch;2
@gunsnrosesgirl3;1
@h56jh5;1
@hairymarx1;1
@halfdecent710;1
@hallcine;2
@hally_adekunle;1
@hammers43000966;1
@hannahrosewoods;1
@hannibalchow19;1
@hansenphilip73;1
@hardtimehardta1;3
@harrinluke;1
@hassib_haidar;1
@hausfath;1
@haveaconcern;1
@hawkwardlyy;1
@hazechu;1
@hbomax;1
@hearditfrominez;6
@heather09353201;4
@hedgehoghugh;1
@helgy2;2
@hellocarmsy_;1
@hendoburbs;1
@heraldleader;1
@hharmonyrose;2
@hholdenthorp;1
@hilz181;3
@hirst_official;1
@hmfaigen;1
@hodgetwins;3
@hoedeehoe;1
@hormigita81;1
@hourly_shitpost;1
@howarth_cornell;1
@howienudet;2
@hpygoluker;2
@hrk34;1
@hrkbenowen;1
@hrt6017;3
@hrw;1
@htranbui;1
@huffandpuff;1
@hughjarse5;62
"@humanrights1st""";1
@huxleypig;1
@hybe;1
@iBlatant;1
@i_sodope_;1
@iamian16;1
@iamkid_A;1
@iamyesyouareno;1
@ianbremmer;1
@ianbrow97534170;9
@iancollinsuk;2
@iapinas;1
@iberdrola;1
@icky_yuck;1
@icrushsoftballs;1
"@iin1892""";1
@ijeb24;3
@illdoitagain;1
@ilyKuna;1
"@imBhupendrasinh""";1
@im_delicate89;7
@imkureus;1
@imperialcollege;1
@imrednow;1
@imslut4her;1
@ina_warrior;9
@inacentre;1
@indiependent1;2
@indiucky;1
@ine66H;1
@insane_voice;68
@inscribajournal;4
@intocryptoverse;1
@intranick;1
@ipp4faa;1
@irailways8;1
@irgarner;1
@irish_news;1
@irishbirdimage;1
@irmagerdiful;1
@isar1947;1
@isitt_;1
@isro;1
@itisjustmebabe;4
@itsJeffTiedrich;1
@its_kreesha;1
@itsahousingtrap;1
@itvnews;3
@j0hnchen;1
@j70def;4
@j_brimicombe;1
@j_mucunguzi;1
@jackcolleton;1
@jacobin;1
@jacqui703;1
@jainam_ranka;1
@jallepap;1
@jam_etc;1
@james_e_b_;1
@jameslavish;1
@jamespeshaw;1
@jameswzegan85;1
@jamie2181;1
@jan_cam001;1
@janey_wayney13;2
@janggly;3
@janicebotanist;1
@janineyve;2
@jaredvc;1
@jason_howerton;1
@jasoncloninger;9
@jasonhickel;9
@jaspoptheart;2
@jatin0x01;4
@jawn_117;1
@jbhearn;2
@jbizzy6969;3
@jbjk216;2
@jbonbon91;4
@jbstete;1
@jcbmads325;1
@jcoversmo;1
@jed20004;1
@jedi_liberal;1
@jediramza;1
@jeffmhsmith;3
@jeffschlueter1;1
@jeffskoll;1
@jefftonna1;4
@jembendell;1
@jemma16176693;1
@jennied5588;1
@jennifersterri1;1
@jennifertru07;1
@jenwatkinsglos;1
@jes_chastain;1
@jeshaw64;1
@jessica_alupo;1
@jessimiller7513;1
@jetjocko;6
@jfitzpatrick62;1
@jgorman2424;62
@jilevin;2
@jill0710;2
@jim_smoot;1
@jimaw63;1
@jimbugg;1
@jimdtweet;69
@jimmy_wales;1
@jimmyblackfella;1
@jimmyjuggernaut;1
@jimmyturdcutter;4
@jimmyvegas337;1
@jimsciutto;1
@jizzelle210;1
@jjjj108666;6
@jjspeed69;9
@jkenney;1
@jmeyer61;1
@jmhansler;1
@jn_welch;1
@jneill;1
@jnielsen589;1
@jnmuthama;1
@joe172726kag;1
@joe_warmington;1
@joeb_atl;4
@joec522;1
@joerogan;6
@john003;1
@john_mcguirk;4
@johncornyn;2
@johnfeal2;1
@johnjstecher;1
@johnmcdonnellMP;1
@johnny_wellness;1
@johnnyhotrock;1
@johnprescott;1
@johnredwood;5
@johnson_wrjohn1;13
@johnyboy1853;1
@jonathanpaine2;1
@jonathonporritt;1
@joncooper;1
@joncoopertweets;4
@joncraig;1
@jonkudelka;1
@jonmontpetit;1
@jonstewart;7
@jornreinsel;1
@joseph_postma;4
@josephineosengo;1
@joshbythesea;1
@joshfoxfilm;1
@joshmoney__;1
@joshzz28;1
@journo_dale;1
@jpgcrowley;3
@jrnairn;1
@jtburr7650;1
@jtimberlake;1
@julieannhayes;1
@juniemoon35;1
@justcur24318451;1
@justice4all01;3
@justinillusion9;1
@justsomeguy2u;1
@jvmaughan;1
@jwickers;8
@jwlindstrom;2
@k9wayfaraway;1
@kaa0s;1
@kaakoda_moore;1
@kacang_tua;1
@kadprin41;1
@kaifischer;1
@kalyx2020;1
@kaptanobveus;1
@karenhincks;1
@karlmccartney;1
@karma324;1
@katarinazimmer;1
@katelinthicum;1
@katewaithera1;1
@kath_mcc;1
@kathrynresister;1
@kayatweetsstuff;2
@kcdartexpress;1
@keigh_see;1
@keithamccluskey;66
@keithkorin;1
@kelseyhightower!;1
@kelseytam;1
@kelstew1970;1
@kennels1;1
@kennethcolereal;1
@kennypatpat;1
@kenttucked;1
@kerpen;1
@kevinfederline;1
@kevinhaddad08;1
@keyon;1
@kgbbz10;1
@kikionfleek;1
@kilmeade;1
@kim_because;2
@kimmojvs;1
@kimsyegco;1
@kindagoldrush;1
@kirstymccabe;1
@kitty_donaldson;1
@kittysquiddy;1
@kiwiphil;5
@klepper_aaron;1
@klewwn;1
@kliskyjakub;1
@kmaria67;1
@kniggliator;2
@knittingbyJLC;1
@koat7news;1
@koki10180;1
@kometverse;1
@kookiesmylove;1
@kr0mb0pul0smike;1
@krONik;1
@kristendahlgren;1
@kristyj70;2
@ksorbs;1
@ktmandi367;1
@kurtmac;1
@kuyakim_atienza;1
@kvangs;1
@kweassa;1
@kwskenya;1
@kxly4news;1
@kyblueblood;1
@kylegriffin1;1
@kylenabecker;1
@kylieatwood;1
@kyudsunoo;1
@la_Biennale;1
@lab_leak;1
@labourwhips;1
@ladbible;1
@ladyalmagreen;1
@laine_johnson1;1
@lak8870;1
@lammy_lo;1
@lanemonstertx61;2
@larryelder;1
@lastpositivist;2
@latimes;2
@laura_7771;1
@laura_shantz;1
@laurahelmuth;4
@lauralondon_;3
@laurenboebert;4
@lavern_spicer;25
@leahstokes;2
@leftocentre;1
@legsbrogan;1
@leighgt;2
@lemondefr;1
@leonsfdo;1
"@leslea61""";1
@lesleyabravanel;1
@lewie022;1
@lgcomin;1
@liberatefalafel;1
@libraloopers;1
@liconeisle;1
@lifeastrin;1
@linuxhippie;1
@liverheart;1
@liz_churchill_;1
@ljd216;1
@lofigirlshop;1
@logosaetos;1
@lordderak1;1
@lortomo1;1
@lostinhist0ry;1
"@lotuseaters_com""";1
@lotuseaters_com;1
@loudlove1969;2
@louhaley;1
@lovemylife81;1
@lporiginalg;1
@ltthompso;1
@luckyduckmeat;1
@lucosonny;1
@lucysiegle;3
@luisbaram;1
@lukasbabic_;1
@lukdarue;1
@lukejsherlock;1
@lunaperla;2
@lurkey_lurker;1
@lvogruppo;1
@lwhitmarsh;1
@lyndamcar10;1
@lyndon_staley;4
@lynnskyi;2
@m0nica10;1
@mArvAlcao71;1
@mElonMuskOx;1
@m_scribe;1
@mac_an_ghoill;3
@mac_gardiner12;1
@mad_dog1028;1
@maestro_shark;1
@maggieNYT;1
@maizeandbluefan;1
@majesticbanana;3
@mallond4;1
@mamfaatu;1
@mani_wer;2
@mannix200;1
@manoraic;1
@manoramanews;1
@manuelb85905984;1
@manyban2;1
@mapbiomas;6
@mapleservo;1
@marcdaalder;1
@marcorubio;1
@margmopp;1
@mariacobretti?;1
@markasaurus;1
@markinkorea;3
@marklevinshow;1
@markp1950;9
@markvanasten;1
@marleyman6400;1
@marlow_watching;2
@marnie7;1
@marnus3cricket;1
@maseDance;1
@mason4922;1
@massfpsy;2
@mat_schmaltz;3
@mattcortezlaw;5
@matthewkheafy;1
@mattjcan;2
@mattparlmer;6
@mattwridley;1
@mattxiv;3
@mattyglesias;1
@max____headroom;2
@mboudry;2
@mbradsh2;1
@mchooyah;1
@mcrjuk9;1
@mcyg323;1
@md_pilot;1
@mdowstfl;2
@medicine_cs;1
@medwoman1;6
@megafant1;6
@megbasham;1
@mehdirhasan;1
@meholff;1
@melindiscott;1
@melliesue626;3
@melonatonin;1
@mentalmal1;2
@mercedking;2
@messy1;1
@metoffice;6
@mezkins;1
@mgt_coull26;1
@mgtexp;2
@michaelctraylor;1
@michaeljburry;1
@michaeljknowles;2
"@michaelmalice""";1
@mickyp1966;1
@micsolana;2
@miele_rodriguez;2
@mike_d_clarke;2
@mike_lucullus;2
@mike_maric;9
@mikefield1000;1
@mikejelfs;1
@mikekuban1962;1
@mikenedie;1
@mikepompeo;7
@mikeroweworks;1
@mikeworkman;9
@miles_pf;1
@minajpresstmm;1
@mindedmusically;2
@minibeastmayhem;1
@misandryalex;1
@missufethv;1
@misterchambo;1
@mitchs0renstein;1
@mixtorious1;2
@mjpm22viii69;1
@mkhaduyu;1
@mkolken;1
@mmclean04;1
@mmessick2345;1
@moassisdoa;1
@moazzamjatoi;1
@mobindondon;1
@moderna_tx;3
@moefcc;1
@mollyhereandnow;1
@moneillsf;1
@money_rebellion;1
@montygotrawdeal;6
"@morningmoneyben""";1
@moser0819;1
@moser330i;1
@motivatefenty;2
@mpc_xetts;1
@mpickle;2
@mr_shi2;1
@mrluciferian;1
@mrsbiffo01;1
@msundb;1
@mtnmamawv45;1
@mtosterholm;1
@mtracey;1
@muckyzz;1
@mugger124;59
@mullinssteven72;1
@murpharoo;2
@mwarhurst;1
@myOusaci;1
@myfilteredview;1
@myfintwitacct;1
@myogiadityanath;1
@myownadvisor;1
@myrondale;1
@mzjacobson;2
@nailheadparty;1
@narendramodi;3
@nathaliejacoby1;2
@nathanTbernard;3
@nathan_h_b;1
@nationalpost;2
@native719;1
@nature;1
@nbazer0;1
@nbcwashington;1
@ncdave4life;6
@nd843;1
@ndmapk;1
@ndtv;1
@ndy_Dwyer;1
@nemus_earth;1
@neontaster;2
@neurips;1
@neverimagined13;1
@news5wcyb;1
@news_houndnc;1
@newschambers;1
@newscientist;2
@newscomauHQ;1
@newsmax;4
@newsmax.;1
@newyourker;1
@nexta_tv;1
@nfergus;1
@nick_advice;9
@nickgillespie;1
@nickydcannon;1
@nicolaennio;4
@nicolebarnes514;3
@nicsadventure;1
@niels_corfield;1
@nieuws_in;1
@nigel_callaghan;1
@nihilistcomhour;1
@nikicaga;1
@ninaturner;7
@ninerswarriors;1
@niubi;1
@njbtweet;69
@noblenatl;1
@noclador;1
@nola_nobody;1
@nomadicmatt;1
@nonpareil_icon;1
@norbertmao;1
@norfolk;1
@northstar_wind;1
@northumbrian_;2
@notPjKelly;1
@not_John6;1
@notagr0wer;1
@notayesmansecon;2
@notcapnamerica;1
@now____or_never;2
@nowaycityx;1
@noxcato;1
@nulasuchet;1
@nur_ro1;1
@nwsjacksonky;2
@nycemergencymgt;3
@nypost;1
@nytimes;15
@nytimesworld;1
@nzherald;1
@oakden_wolf;66
@obsidian_rex;1
@octonion;2
@odipo_okoth;1
@of_veterinary;1
@ofgem;2
@ogbaseballcard;1
@oliver_olover;1
@oliverwabwire;1
@ollybishop;1
@oneSICbitch;1
@onjolo_kenya;1
@open_services;1
@opusgonemad;1
@orbuch;1
@orlandosentinel;1
@ouma_timothy;1
@our_jess;2
@oureric;1
@outofthewillows;1
@outsanest;4
@outsoldurfaves;2
@owenrumney;1
@oziummycologne;1
@ozzorro1;7
@p00rpete;2
@p_hannam;1
@pablo1980r;1
@pack_levi;1
@padi47087814;1
@pairofclaws;1
@pamacc1;1
@paradoxum_games;1
@pasqueflower19;1
@patientoptimist;1
@patricia_kooy;1
@patriotnot45;1
@pattie541;1
@pattmlatimes;1
@paulJpitt67;1
@pauladamsalber1;3
@paulajean2020;1
@paulbowdry;1
@pauledevans;1
@paulgsajarrett;1
@pauljsmith1956;1
@paulkrugman;4
@paullucas_paul;1
@paulmurphy_TD;3
@paulp1232;3
@paulwiggins;1
@pcoogov;1
@peblackstock;4
@peero007;1
@peggyo1717;1
@permakulturbrah;2
@pesterplarson3;1
@peterstefanovic;1
@petertimmins3;1
@petite_michelle;1
@pfizer;3
@pgeerkens;3
@phantomspots;1
@pharmec_;1
@phil_soskin;1
@philw1776;2
@phivolcs_dost;1
@picknavack;1
@pilakela;1
@pinchmou;1
@pinzino_jane;1
@pixee1z;1
@pjarkasellers;1
@pkiely3;4
@plan_marcus;1
@pmagn;2
@pmln_org;1
@pnagovph;1
@poeticbulldozer;1
@polaxed1;1
@politico;1
@politicophobic;1
@politicsusa46;1
@pomDeter;1
@ponchoj4ck;1
@ponycar06;3
@popeye8781;1
@populusaigeiros;2
@potooleifj;1
@pourteaux;2
@ppjschultz;1
@prageru;3
@preston_mcghee;5
@primarch76;1
@princepapa1;1
@princesspbbaby;2
@priscian;72
@projectyss;1
@prtculr;1
@psychicwarvet85;1
@ptaylor217;1
@ptcjoneses;1
@publius1963;1
@pukeuprainbows;3
@pwafork;1
@qfd_bruce;3
@quieroserabuela;4
@quindelamore;2
@quintcan;1
@qwirl2;1
@rain_barrington;1
@rainnyseattle;1
@rainylune;1
@raissawriter;2
@rajmacqueen;1
@ramez;2
@rangaba;1
@rangermonroe;1
@rattoy2;1
@rawlsonking;1
@rawsalerts;1
@raywilton4;1
@rcgnewyork;1
@rcolvile;1
@realDailyWire;1
@realTuckFrumper;1
@real_seeking;1
@realfaulks;1
@realkhonshu;1
"@realsehajpal""";5
@reddit_lies;1
@redsteeze;1
@reglimagrain;1
@ressler_david;1
@rexglacer;1
@rfcgeneric;1
@rhodium_group;1
@rhododendronfan;1
@rhosking252;4
@rich06041419;1
@richardabetts;1
@rinsjan;1
@rk70534;5
@rksais1;3
@rln_nelson;66
@roadtoserfdom3;2
@robert_zubrin;1
@robertalives;1
@robhon_;72
@robinhanson;1
@robinsonmeyer;7
@robreiner;7
@robynsmith42;2
@roger_clague;3
@rohn_jawls;1
@romanclemente7;1
@ronkonoma;3
@rosegar17673310;6
@roseveniceallan;1
@rosmadiwahab;3
@rovercrc;1
@rpini;4
@rrabagast;1
@rreactor;1
@rrnicholas22;1
@rtenews;6
@rtyson82;2
@rugbypct;2
@rulezof303;1
@rushtheband;1
@russilwvong;1
"@rustyrockets""";1
@ryanhallyall;2
@s00nd;1
@saddNbi;1
@saifedean;7
@salemSA96864606;1
@samanthamarika1;2
@samiamnurnot;1
@sammk1964;1
@sampower40;1
@saoirse_mchugh;1
@sarahpipey;1
@sarnchos;1
@savvron82;1
@savyrecords;1
@sb2729;1
@scarzonreplay;1
@schoolbussy;1
@sciam;4
@scicom_climate;1
@scotlibdems;1
@scottjshapiro;1
@scottsantens;1
@scrowder;1
@sdw;1
@sea_bouy;2
@seanhannity;2
@selenagomez;1
@senbetsyjohnson;1
@seracchamonix;1
@serauk;1
@setyrselffree;2
@sexypelosi;1
@sfc_debs;1
@sfchronicle;1
@shafercw;1
@shangalang10;1
@shannonsharpeee;1
@sharkbot913;1
@sharkteddi;1
@sheet_duck4;1
@sheffielduni;1
@shell;1
@shelly2161;1
@sherryrehman;1
@shicks_sam;4
@shillman1;1
@shopgirl_willa;1
@shotazi;1
@shotputty;1
@shuma0963;2
@sictransitglora;1
@sidljon;1
@silasdhouse;20
@simchaonn;1
@simoncoveney;1
@simonoxfphys;1
@simpson_zuzana;2
@sinnfeinireland;1
@siobhanehughes;1
@sirkevinjohns;1
@skdh;1
@skipz;1
@skwoolley;2
@slax43;1
@sliderulesyou;1
@slumbeezy;2
@small1ldy1;1
@smashmouth;1
@snewsat13;1
@snjejxjbbdbebjx;122
@snkowani;1
@snogoose50;1
@sns_trader;1
@sobklyn;1
@socialistleftst;1
@socialiststeve6;1
@solbere_;1
@soph_rainbow1;9
@sophiadahl1;43
@sophielouisecc;8
@sorraya__;1
@soyelboricua;1
@space_for_sasha;3
@spaceeong;1
@spankyfrnk;1
@spann;2
@spenderallegra;2
@sportygirl361;1
@spotarse;1
@spudgun2;1
@sqrtliberal;2
@squeaksqueakbf;1
@sracer4095;1
@sreid03;1
@sssofakii;1
@sstackmore;1
@ssteingraber1;1
@staceyabrams;1
@stack1a;2
@stan_rezaee;2
@starkicus;1
@starkrob21;1
@stbrandcannabis;1
@stclairashley;1
@stephen_taylor;1
@stephenharper;1
@stevectx1964;1
@steven551;1
@stevenemassey;1
@stevesnr50;1
@steveswalker;1
@stillgray;5
@stlgrams20;1
@stormbornpanda;4
@stormraige23;1
@strallweat;1
@stratotaoakland;1
@strawbsdream411;1
@sue_pfh;1
@sueytonius;2
@suffect;4
@sumuelahi;1
@supertalk;1
@susan_santry;1
@susanblas;1
@susancolehaley;1
@svtnyheter;1
@sw_minifig;1
@swaaalla;1
@sweatystartup;1
@sweetlaceylou;1
@swft134;1
@swinny198;2
@swtrains_watch;1
@syoopeochamchi;1
@t3rrance1968;1
@t_r_u_e_i_n_d_y;1
@tachyonspeed55;1
@takamipie202;1
@takeshi7;2
@takvera;1
@tamlarge;1
@tammy184621962;1
@tammybaldwin;1
@tamsully12;1
@tan123;12
@tandog421;1
@tangledshadows;1
@tanya_plibersek;2
@tarenceray;1
@tattoobroly;1
@taupeisha;1
@taylorswift13;2
@tbonec916;1
@tburgerd;1
@team_hyv;1
@tearsintherain1;1
@techverbatim;1
@tedcruz;9
@tedpretty;2
@tedtalksoph;3
@telfer_william;1
@terencedescham1;4
@terror_reb;1
@terry_levine;1
@terryschappert;1
@tessyursine;1
@texasrecks;1
@tgregis68;1
@th3v0t4ry;1
@thandar324;1
@thatantlerqueen;1
@thatfinegirl_tu;1
@thatgirltrader;1
@theJagmeetSingh;3
@theSNP;1
@theage;1
@thebradfordfile;1
@thecentersquare;3
@thecoastguy;3
@thecosmicguild;1
@thedailybeast;1
@thee_AlexT;1
@thegoodgodabove;1
@thehill;6
@theintercept;1
@theipaper;2
@thejeffstein;1
@thekatzmeow2021;1
@themiwi;3
@thenewsoncnbc;1
@theolderone1;1
@theonefighter7;1
@thepennyhoarder;1
@theprism89;2
@therealsupes;1
@therealtimrscot;1
@theresabluest;1
@theresphysics;4
@theruinous1;1
@theserfstv;1
@theskibble;2
@theslothdog3000;1
@thestitchybaker;1
@thetimes;2
@thetrocro;1
@thevivafrei;2
@thewalkerseven;1
@theydiedlaughin;1
@thinks_about_it;4
@thisisinsider;8
@thockman64;1
@threehandspick;1
@tickerguy;1
@tillwylerson;1
@timesredbox;1
@timfprice;2
@timmbosliceeee;1
@timoteo0167;4
@tinklebadger;1
@tisthedamnseven;1
@toadmeister;8
@toddynd;3
@tomdixon1990;1
@tompeck;1
@tonero_me;1
@tonytheauthor;1
@topoproc;2
@toulouseoutsld;1
@tousjoursmax53;3
@townerman1;1
@townhallcom;6
@trailmagazine;1
@trainspeedhump;2
@trippfunderburk;2
@trisolaris88;1
@trixidoodlexx1;1
@trom771;1
@trspartyonline;1
@truckdriverpleb;1
@truemagic68;1
@trumputin;1
@trupunzel;1
"@trussliz""";1
@trussliz;3
@truthlime;2
@tummywumbles;1
@tunglkraft;1
@tweets4yomama;1
@twicebakedtoast;1
@twittersupport.;1
@txsalth2o;1
@uhd2020;1
@ukpapers;1
@umairh;1
@undarkmag;1
@unjailme80;1
@unusual_whales;1
@unvaccinated666;2
@upinsmoke000;1
@usatodayDC;1
@uth3nt1k;1
@valkswife;1
@variegated2;60
@vegannutrition1;1
@vegashibbs1;1
@verycentrist;7
@vetmark1968;1
@victorklineTNL;1
@villagerssn;1
@vinniediego;1
@vpal88;1
@vroomerN;1
@walkyourcamera;1
@washingtonpost;7
@wassupmom;1
@watchhunter8;1
@watermole6;1
@wattsupwiththat;1
@wavimul;1
@wayne4_real;1
@wayofftheres;1
@wbz;1
@wc_railway;1
@wcsek;2
@weatherchannel;1
@web3fashions;1
@weberj502;9
@wef;3
@wef.;1
@weirdestsoul17;1
@wesstevens;1
@westcoastbill;1
@whatley_brady;1
@wheeliemum;1
@whoopsbuni;1
@wicky963;1
@wildcatnews;1
@willchamberlain;1
@wille99;3
@williamhboney1;1
@willnorman;1
@willsworldview;1
@willzz_jamie;1
@winbigwincity;1
"@winterbluoming""";1
@winthorpphd;1
@wired_dave;1
@wiseDom66;1
@wiseoldsoc;1
@wisewolf_;1
@wlbeeton;58
@wmiddelkoop;1
@wolfblitzer;1
@wooanonwarrior;6
@woodlandbirder;1
@woodsharp;1
@woozleweasels;1
@woye1;1
@wrblnews3;1
@wxrisk;1
@xLittleLlama;1
@xkcd;1
"@xr_cambridge""";1
@xr_cambridge;4
@xx_agbor;1
@yaldabreeki;1
@yenwoda;1
@yogithug;1
@yourdiscodad;1
@yoyocodger;1
@zacharykamin;1
@zalisteggall;1
@zartajgulwazir;1
@zehiddenjewell;1
@zenjentree;1
@zerohedge;1
@ziggywilde;6
@ziontree;2
@zoru75;1
@zugly747;1
@zypisfy;1
