@,	6
@0Sundance,	3
@0just1n0sm1th0,	1
@0liviajulianna,	1
@0xAlice_,	1
@0x_MPH,	1
@1000Frolly,	2
@10kClimate,	4
@11EVMC,	1
@11tulips,	1
@123jillwalker,	1
@13sarahmurphy,	1
@1776jaymierp,	1
@1GDAC,	4
@1GarethWynJones,	1
@1Heathbar,	1
@1MarkMoss,	4
@1NewsNZ,	1
@1TommoWolf,	1
@1_TMF_,	1
@1cavemank,	1
@1helpamerica,	1
@1pckt,	1
@1pee,	1
@1stthes521,	1
@1t_org,	1
@2022WSChamps,	1
@2022_Karma,	1
@20meansspeed,	1
@210420a,	1
@21Franchini,	1
@22rooster777,	1
@25_cycle,	15
@2KSupport,	1
@2Strong2Silence,	1
@2_drac,	3
@2weddingbelles,	1
@333VIL,	1
@350,	1
@350BKFamilies,	1
@37Ten12244070,	1
@38Sandy48,	1
@3GHtweets,	14
@3LittleMonkeys,	1
@41to33blessup,	1
@425Noelle,	1
@47whitebuffalo,	5
@4Freedoms4All,	4
@4HumanUnity,	1
@4_joc1,	1
@511Ian,	1
@53pamela_h,	2
@5UPaDWMJMHzOaZ4,	1
@62WalterP,	2
@66michaelr,	1
@6Sally7,	1
@6eReg,	1
@6lennybravo,	5
@756Elizabeth,	2
@777Leds,	1
@778_ao,	1
@7Glenn5,	1
@7_Sages_Wotcm,	3
@7dphotography,	1
@80_mcswan,	1
@8finjackson3,	1
@924inlegend,	1
@9898guitar,	1
@9NewsAUS,	6
@9NewsMelb,	1
@A1an_M,	3
@AAKhicks2,	1
@ABC",	1
@ABC,	3
@ABC7,	1
@ABCaustralia,	2
@ACTBrigitte,	57
@ACTcameramatt,	1
@AConcernedPare2,	1
@ADirtyRottenDog,	1
@ADuralde,	1
@AFTCT,	1
@AGWHappensNow,	13
@AGoldsmithEsq,	4
@AHSEC,	1
@AIPAC,	1
@AIboMP,	3
@AJDelgado13,	1
@AJEnglish,	3
@ALeftistMoniker,	1
@ALefty123,	3
@AOC,	18
@AOrwells,	1
@AP,	6
@ARaj_Energy,	1
@ARanganathan72,	1
@ASimardL,	4
@A_Damned_smith,	1
@A_K_Anderson,	2
@A_Wags24,	1
@AandNoa,	1
@AanthanurDC,	2
@AaravSeth_,	1
@AaronDodd,	1
@AaronParnas,	1
@Aaronsmith333,	1
@AbbeyRae5,	1
@AbdulJiwan,	1
@Abdulsaleemgad,	1
@AbiyAhmedAli,	1
@AbuMoha37425312,	1
@Achim1106,	2
@AcreeSheryl,	1
@Acyn,	3
@AdamBandt,	3
@AdamSchefter,	1
@AdamSinger,	1
@Adge56Thomas,	1
@AdmUdders,	1
@AdminLKO",	1
@AdrianNormanDC,	1
@AdrienneBWhite1,	1
@AdyMacauley,	1
@Aeduann_MaaHes,	1
@Aella_Girl,	1
@AfricanArchives,	1
@Ag611127,	5
@AgathedeLili,	1
@AgentP22,	1
@AggressiveDem,	1
@AgnesRunacher,	1
@Ah_Science,	2
@Ahazar4,	1
@Aimhighffw,	2
@Aitch_El,	1
@Aized10,	1
@AjitPawarSpeaks,	1
@Akshat_World,	1
@Aksyuchok_art,	1
@Al85098614Ali,	1
@AlBowers1,	2
@AlFederal97,	1
@AlJazeera,	1
@Al_Newyorki,	1
@AlaMerQld,	1
@AlabamaHoshea,	1
@AlanAshton10,	2
@AlanPeery,	2
@Alanpstoddard1,	1
@AlatreonBestBoy,	1
@AlbertBreer,	2
@AlboMP",	1
@AlboMP,	18
@AlboMP,,	1
@AldoSterone111,	4
@AlecStapp,	1
@AlessioUrban,	1
@AlexButterfly01,	1
@AlexDGlengarry,	1
@AlexEpstein,	29
@AlexJonesMatcha,	1
@Alex_on_A14,	2
@AlexaJaar1013,	1
@Alfred_StatesX,	4
@AlgodTrading,	1
@AlgosJoni,	1
@AliAdair22,	1
@AliaGvR,	1
@AliceGlass1,	1
@Alienphysics,	1
@Alina_ilina_art,	1
@All435Reps,	1
@AllanKirkhart,	1
@Allem21_4eva,	1
@AllisonPearson,	1
@AllisterHeath,	1
@Almondatchy,	1
@AlmuthSiegl,	1
@AlokSharma_RDG,	1
@Alpharad,	1
@Alrat91011,	1
@AltUS_ARC,	1
@Alt_Faxx,	1
@AltaAlerts,	1
@AltaSkiArea,	1
@AmSheiTheDragon,	2
@AmaliaGrassi1,	1
@AmandaLarreni,	4
@AmaraSolomon7,	1
@AmbLiuXiaoMing,	1
@AmerAcadPeds,	2
@AmericanPigeon,	1
@Amit_Narang,	1
@AmmasBabydoll,	5
@AmosBrailey,	1
@Amusesmile,	1
@AmyTaylorTx,	1
@AmyWalsh1306,	1
@Ana___fox,	1
@AnasSarwar,	1
@AndTartary,	1
@AndreaHorwath,	1
@AndreeSax,	1
@Andrew07876996,	2
@AndrewC49288066,	1
@AndrewDessler,	1
@AndrewLawton,	1
@AndrewLazarus4,	6
@AndrewRChapman,	1
@AndrewYang,	1
@Andrewemcameron,	1
@AndryGiles,	2
@Andst7,	2
@Andy,	1
@AndySpecht,	2
@AngelicaKamen,	1
@AngryFleas,	4
@AngusRobertson,	1
@AnitaHardcokMP,	1
@AnnCoulter,	1
@AnnMust,	1
@Anna98831,	4
@AnnaCCallahan,	1
@Annalisa840917,	1
@AnneAnd59185576,	1
@Annette_Taddeo,	8
@Annie20554592,	2
@AnnieOldenough,	1
@AnonNews14,	3
@Anonylyzer13,	1
@AnthonieLouise,	1
@AnthonyGlees,	1
@AnthonyLevin,	1
@AnthonyT2_,	2
@AntiCommy4ever,	2
@AntiwarMN,	1
@AntiwarNews,	1
@Antiwarcom,	1
@Anvndarnamn5,	16
@AnzacMegan,	4
@Apeduden,	1
@AppleCookieRose,	1
@AprilLigeia,	3
@ArchCordileone,	1
@ArchDigest,	1
@ArchaicNonsense,	1
@ArchdioceseSF,	1
@Archer83Able,	2
@ArchieMegHaz,	1
@AreYouDerp,	1
@Aria12397017484,	1
@Arianwen,	1
@AristotleMrs,	11
@Arithrianos,	1
@ArizonaAudit,	1
@ArmVoteDem,	1
@ArmadaSur92,	1
@ArsenalReport,	1
@ArthelNevilleüëèüèª,	1
@ArtsyGrandpa,	1
@ArtysHouse,	4
@ArunYadav0007,	1
@AryaCanada,	1
@AshtonCBS4,	1
@AspAlaAsnAsnTyr,	2
@AstroLlamaBeans,	1
@AtheistEngineer,	1
@AtlRey,	2
@AtlasSarrafoglu,	1
@AtomsksSanakan,	1
@AuntMergatroyd,	1
@AuroriaTwittori,	12
@AusTodayListnr,	4
@AussieMongrel1,	1
@AustinKittyBlue,	1
@AutisticShill,	4
@Avalanche,	1
@Avic_Wins,	1
@AweNature_,	1
@AwesomeBamon,	1
@Awwbhishek_,	1
@Ayjchan,	1
@B3N1N1,	1
@B52Malmet,	2
@BBC,	1
@BBCLauraKT,	1
@BBCOxford,	1
@BBCPolitics,	2
@BBCWorld,	4
@BBlues50,	1
@BDStanley,	1
@BEV_erly_Hills,	1
@BILDERBERG_GP,	1
@BJChippindale,	2
@BJP4Andhra,	1
@BJP4India,	1
@BJP4Odisha,	1
@BL20422822,	4
@BLMFire,	1
@BLMNational,	1
@BLMUtah,	1
@BNONews,	1
@BO3673,	1
@BRijswijk,	2
@BS2KZ,	1
@BSmithwood,	1
@BTSTaehyungTHV,	1
@BTS_twt,	5
@BThoughts702,	1
@B_Bolshevik100,	1
@B_Riz74,	1
@B_more_horny,	1
@BabeTruth2,	3
@BadMedicalTakes,	1
@BaddCompani,	1
@BadgersNo,	3
@BagalueSunab,	1
@BailFund_Brawl,	15
@Bakeoid,	1
@BaltimoreLili,	1
@Bannerzz1,	1
@Baphomet555666,	1
@BarackObama,	3
@BarbaraLoo3,	1
@Barbarajdurkin,	23
@BarbroHansson,	1
@Bardlee1,	2
@BareReality,	1
@Barnaby_Joyce,	1
@Barrtecforever,	11
@BarstoolChief,	1
@BaseIsBased,	1
@Based_inReality,	4
@BassistOld,	1
@Bat_Yann,	2
@BawdenTom,	1
@BaxesThomas,	1
@BaxterWilliams_,	1
@BeaLawson27,	1
@BeastofBuchan,	1
@BeauDodson,	1
@BeauTFC,	1
@Beck_Sall,	1
@Becoming_Bryna,	1
@BednarDavidA,	1
@BeeAsMarine,	2
@Begentle50,	1
@BelTel,	1
@BelindasHandbag,	1
@BellRoniBell,	4
@Bella_healtheco,	1
@BenBendeac",	1
@BenRabidoux,	1
@BenWalkerFABS,	1
@Ben_R100,	1
@Benioff,	1
@BenjaminYumi8,	1
@BenninkFred,	2
@Benny__H,	1
@BeowulfSchaefer,	1
@Bergeonline,	1
@BernaB_2013,	1
@BernadetteNTF,	2
@BernardStBamse,	1
@BernieSanders,	2
@BespokePanic,	1
@Betas_Inferno,	1
@BetoORourke,	4
@BeyondBurning,	1
@Bfurlich,	5
@BidenSuxXi,	1
@BidenTour,	2
@BidenTracking,	1
@BigBrotherNut,	1
@BigDogsInTown,	1
@BigPapa2268,	1
@BillBalzar,	1
@BillCorbett,	1
@BillGates,	5
@BillNye,	2
@Billenjoylife,	3
@BillyBaldwin,	1
@BillyM2k,	4
@BioSpiracy,	1
@BiophysicsFL,	1
@Biorealism,	1
@BirdKeeperRK,	1
@Birdyword,	1
@BistroWineMan,	1
@BiswajitThongam,	1
@Bitboy_Crypto,	1
@BitcoinIsSaving,	2
@Bitcoinbabbi,	2
@BittyBuddha,	2
@BjornLomborg,	6
@BlackRock,	2
@BlasphemousBan1,	26
@Blindyouthnepal,	1
@BlinkyIsKing,	1
@BoSnerdley,	1
@BobANDE42235496,	10
@BobBrownFndn,	1
@BobKerns,	1
@Bobmarley1781,	1
@Boeing,	1
@BointonGiles,	13
@Boltapp_ke",	1
@BonJS0370,	2
@BongoThePongo,	1
@BonnieBlackmor7,	2
@BonnieTafte,	1
@BookerSparticus:,	1
@Booklover0106,	1
@BoonBroAus,	2
@BorisJohnson,	9
@BorneoFutures,	1
@Bos77,	1
@Bossmustangfan,	1
@BowoodHouse,	1
@BradMossEsq,	1
@BradPKeyes,	13
@BradWilcoxIFS,	1
@BradfieldThe,	2
@BrahinHB,	1
@BrandonLetsgo90,	1
@BreakfastNews,	1
@Breaking911,	4
@BreakingBadIrny,	1
@Breaking_NewsCA,	1
@BrentToderian,	4
@BretWeinstein,	1
@BrettFo,	1
@BrettKollmann,	2
@Brett_online,	13
@BrexitMania,	1
@BrianGitt,	1
@BrianHelman,	1
@BrianKempGA,	1
@BrianLe82536529,	1
@BrianNazarenus,	6
@BrianTu85458331,	1
@BridgetHolmstro,	1
@Brietannia,	1
@BrigitMahoneyTV,	1
@BristolCouncil,	1
@BrknMan,	25
@BrunTheBear,	1
@BrunoTheBridge,	1
@BrynnAshely,	1
@BubbasRanch,	19
@BuddyEdgewood,	1
@Budleo_Morgan,	1
@BuffaloWins,	1
@BuildBetta,	3
@Bundeskanzler,	1
@BunnyKiller9,	1
@BurgerLab12,	4
@BusinessInsider,	7
@BusinessLiveSA,	2
@ButtercreamSRQ,	1
@ByMikeBaker,	1
@BylerCat,	1
@ByronFackenthal,	1
@C1P4LSelfMade,	1
@C80Howard,	1
@CAComixPod,	1
@CAMOKAT6,	1
@CAgovernor,	1
@CBCAlerts,	1
@CBCNews,	3
@CBSDenver,	1
@CBSMornings,	2
@CBSNews,	1
@CCNFUK,	1
@CColose,	2
@CCross1776,	1
@CDCgov,	3
@CDP,	1
@CHN_AdamWodon,	1
@CHP_Napa,	1
@CHerweijer,	1
@CMO_Odisha,	2
@CNBC,	1
@CNBCMakeIt,	1
@CNN,	17
@COP26,	1
@CP24,	1
@CPASAOK,	1
@CPCB_OFFICIAL,	1
@CSDevNet1,	1
@CSDevNet1_Steve,	1
@CTVNews,	1
@CTVToronto,	1
@C_82l,	2
@C_Kavanagh,	1
@CadleSam,	1
@CalMatters,	1
@CalebJHull,	2
@CallMeEOnly,	5
@CallieKhouri,	1
@CampbellNewman,	1
@Canadianworker2,	13
@CandaceSotela,	1
@CandiceBergenMP,	1
@CandySmith74,	1
@Canes,	4
@Canna420Uk,	2
@CanteringClark,	1
@CaptMarkKelly,	1
@CaptainGreen05,	1
@CaptainSparklez,	1
@Captaincoby00,	1
@CarIosLopez_,	3
@Cara_TXZEAL,	1
@CarignanAbreu,	1
@CarlDevitt,	1
@Carlglo,	1
@CarlosGimenezFL,	1
@Carlsonsports,	1
@CarlyELehwald,	1
@CarmenMForman,	1
@CaroleA_Smith,	1
@CarolineKula70,	1
@CarolineLucas,	5
@CarrudoDon,	4
@CartiYeezy2,	1
@CartistNy,	2
@CaryKelly11,	1
@CassandraCmplex,	1
@CatEmporor,	1
@Catheri77148739,	4
@CathyCrunt,	1
@Catturd_2",	1
@CavasinTracey,	2
@CavillDave,	1
@CawthornforNC,	1
@Ceist8,	26
@CellMessenger,	4
@Cephii1,	1
@Cernovich,	5
@Cha51brolll19,	2
@ChadPergram,	1
@Chainlank,	1
@ChampionsLeague,	1
@ChangeNOW,	1
@ChangeOrg_India,	1
@ChangePolls,	1
@ChantalleGeert1,	1
@Charles48250437,	1
@CharlesDarwinTX,	1
@Charlesthornt,	4
@CharlieGordon20,	4
@Charlielcurtis,	1
@ChasWaterkeeper,	1
@Chaseroony,	8
@ChazzerL,	1
@ChefGaella254,	1
@ChefGruel,	1
@CheriDiNovo,	1
@CherylRofer,	1
@Chewie65354432,	1
@ChiSiddharth,	1
@ChildOfAsh420,	1
@Chinajoe1000,	1
@ChipsSpud,	1
@ChoonedM,	1
@ChopperMChief,	1
@Chortling_Man,	1
@ChrisBBacon3,	31
@ChrisCBS4,	1
@ChrisDYork,	1
@ChrisGordon65,	1
@ChrisLXXXVI,	1
@ChrisMartzWX,	1
@ChrisMurphyCT,	3
@ChrisPlanteShow",	1
@Chrisdebois1,	3
@Christi22009549,	1
@Christi49154364,	1
@ChristinaPushaw,	3
@ChristinaSFLaw,	1
@Chrystinandrada,	1
@ChrzanSusan,	1
@ChtyCommission,	1
@ChunxOfEarth,	1
@CimoreneJeune,	1
@Cindtrillella,	1
@CindyRules,	1
@CinnamonAuntie,	5
@CirclesSpinning,	2
@Cirincione,	1
@CitizenTechiman,	1
@CityNewsTraffic,	1
@CityofPickering,	1
@CivilAdvantage1,	1
@Cjayc3489,	1
@ClaireCaliente,	4
@ClaireH37444648,	1
@ClaireW1111,	1
@ClareCraigPath,	2
@ClareWilsonMed,	1
@ClarkeMicah,	1
@ClaudiusFemi,	1
@CleeseRaymond,	1
@CleoPaskal,	1
@ClimaJoes_sol,	1
@Climageddon,	1
@Climate24877412,	2
@ClimateBen,	1
@ClimateCatastr3,	4
@ClimateCentral,	1
@ClimateDad77,	4
@ClimateEnvoy,	2
@ClimateHuman,	2
@ClimateLisa,	1
@ClimateRealists,	2
@ClimateReality",	1
@ClimateSkeptic4,	15
@ClimateWatchers,	1
@Climate_Takes,	1
@Climatehope2,	18
@ClintoneBill,	1
@CloudsCreek,	1
@CoWino,	2
@CodeAficionado,	2
@CodeRedEarth,	1
@ColectorX,	1
@ColelliCol,	1
@ComSciBrown,	1
@Comeongetyouso1,	1
@Comment_Lord,	1
@CommishDCH,	1
@ConceptualJames,	1
@Concern70732755,	1
@ConcernedinPV,	1
@Confraria8,	1
@Connect4Climate,	1
@ConraddKonnrad,	1
@Conserberal,	4
@Conservatives,	1
@Conserve2MAGA,	1
@Constan70997526,	1
@ConsumersFirst,	1
@ConversationEDU",	1
@Convict025,	1
@Copernicus,	1
@CoralBlob,	1
@CorinaCretuEU,	1
@CoronaAfrica,	1
@CortezMasto",	1
@CosminStanescu3,	1
@Craig99870768,	2
@CraigKellyMP,	1
@Craig_Hotrum,	3
@CrayonCaller,	1
@Cre8ve2,	1
@CriticalThinkU,	1
@Crockett3636,	1
@Crpls,	1
@CryTumpflakeCry,	1
@CryptoKaleo,	1
@CryptoViv,	1
@CryptoVous,	1
@Crypto_McKenna,	1
@CultureWarrio10,	1
@CunningSq16,	2
@CutmansCurse,	1
@CuzIze,	1
@Cwiklowa,	1
@Cwoktheewok,	1
@CycleJunkie88,	3
@Cytation_X,	1
@DAaronovitch,	1
@DDNewslive,	1
@DDawn0,	3
@DFisman,	1
@DGPMaharashtra,	1
@DGPR_PAF,	1
@DGinCheshire,	12
@DIvine__joyy,	1
@DJ2x20,	1
@DJMorpheus2007,	1
@DJTTracker,	2
@DJVeronica,	1
@DKThomp,	2
@DMRegister,	1
@DNC,	1
@DPrever,	1
@DRP39,	1
@DSBatten,	1
@DTGvmd,	12
@DUALIPA,	1
@DaRemnant4HM,	1
@DailyCaller,	2
@DailyJLee,	1
@DailyMail,	3
@Daily_Record,	1
@DaisyShea76,	1
@DamienHamilto17,	4
@DanCady,	1
@DanClusters2022,	1
@DanFriedman81,	1
@DanHillHistory,	1
@DanLifshatz,	1
@Dan_23__,	1
@DanaRuxi123,	2
@Dandisk89765,	1
@Daniel94445080,	1
@DanielAndrewsMP,	3
@DanielTurnerPTF,	5
@DanniBrener,	1
@Dannyboy7293,	12
@DarthFeodor,	12
@Darthjenny,	1
@DarwinWhere,	1
@Data79504085,	12
@Dave28492212,	1
@DaveSharma,	1
@DaveSmithPtbo,	1
@DaveWRose,	1
@DaveWig52,	1
@DaveyPower,	1
@David19531501,	1
@David4677484957,	4
@DavidAHoward,	13
@DavidBegnaud,	1
@DavidDJohnson,	1
@DavidKe65248063,	3
@DavidPepper,	1
@DavidPerdueGA,	1
@DavidRelman,	1
@David_Leavitt,	1
@David_Njoku80,	1
@Davidmetroland,	1
@Davos,	2
@DawgsByNature,	1
@DawnRoseTurner,	1
@DawnTJ90,	24
@DawsonSSTT,	1
@Dcoronata,	2
@DeadEye_Bon,	1
@DeadInJapan,	1
@Deagle16_,	1
@DeanoMartino1,	5
@DearAuntCrabby,	1
@Debbie25808035,	1
@DebbieM59130289,	1
@DebbieS01374798,	1
@DeborahClaireUK,	1
@DebraFu98708879,	1
@DebraMMason1,	4
@DeclanTayl0r,	1
@DecoupleMedia,	1
@Deedee_231,	1
@DefraGovUK,	1
@DellaEl23371667,	1
@DelusionsMass,	4
@Denbar64,	2
@DeniersAreDerp,	4
@DeniseInCanada,	1
@DeniseKanchev,	1
@DennisPrager,	2
@DeptofDefense",	1
@DesiJCuellar,	1
@Devonian1342,	2
@Dhesea_,	1
@DianeRu83690007,	3
@DiannaIz,	1
@Diar380,	2
@DickMackintosh,	10
@DickWolfU,	1
@Dienekes16,	2
@DifficultNerd,	1
@Diffy23958488,	1
@DigbyPink,	1
@DigitalGISD",	1
@DineshDSouza,	2
@DionneGrant,	1
@Dirtbox5,	1
@Disorganised1,	4
@DmytroKuleba,	1
@DnerKebab5,	1
@DocSavageTJU,	1
@DocSnow1,	1
@Doc_Valerie,	1
@DoctorAnarchist,	1
@DoctorJack16,	1
@DoctorVive,	2
@Dom_Perrottet,	2
@DonSulphite,	1
@DonaldFR,	1
@DonaldJTrumpJr,	1
@DonaldS95157957,	1
@DongluYu,	1
@Donsvess,	1
@DonutOperator,	1
@DoombergT,	1
@DoreenHowardRSA,	1
@Dorothy23897725,	1
@DoubleDoubleJon,	4
@DouchebagDorsey,	1
@DougDucey,	1
@DougFoley6,	1
@DougJBalloon,	1
@DouglieDoWrong,	1
@Dpol_un,	1
@DrAnkitKPatel,	1
@DrBobEsquire1,	1
@DrBrownieJr,	1
@DrBryanLeyva,	1
@DrDMurray1,	10
@DrGJackBrown,	1
@DrI_made,	1
@DrJBhattacharya,	1
@DrJamesEHansen",	1
@DrJewLittle68,	2
@DrJoe101,	1
@DrKumarVishwas,	1
@DrLahariya,	1
@DrPops3,	1
@DrProudman,	1
@DrRadchenko,	2
@DrShayPhD,	1
@DrStephensonN,	1
@DrSteveJacobs,	4
@DrTCombs,	1
@DrTedros,	1
@Dr_A_Stein,	1
@Dr_Heavenly,	1
@Dr_Keefer,	1
@Dr_Pains,	1
@Drewheide,	1
@DrvanTilburg,	1
@DubhDonald,	3
@DublinAirport,	2
@DubstepInDPRK,	1
@DuckKnowledge,	1
@DudespostingWs,	1
@DuraGalleta,	1
@DurhamCricket,	1
@DurhamFella,	1
@Dwalsepatil,	1
@DysphoriaJoe,	1
@EB_LH76,	1
@ECOWARRIORSS,	10
@EDavidAn,	11
@EMo_Drags_The_l,	5
@ENERGY,	2
@EObercincy,	1
@EPBryn,	1
@ESA_EO,	1
@ESodha,	1
@EUinSierraLeone,	1
@EVERONA97,	1
@EWTN,	1
@EamonRyan,	3
@Eanton_,	1
@EarlOfEnough,	1
@EarthAccounting,	1
@EarthKeeper22,	1
@EarthLoveUnited,	1
@Earth__Buddy,	1
@Earthonview,	3
@Eastpunk,	1
@Eathbound420,	1
@EcoSenseNow,	5
@EdBlackEsq,	1
@EdBohman,	1
@EdItor87411083,	4
@Ed_Miliband,	1
@EddieC_Tweets,	1
@EddieSheerr,	1
@EddyKurrents,	1
@Eduard_kraai,	1
@EducatingTrump2,	5
@EdwardJDavey,	1
@EeroWallenius,	4
@EhbotchaKaren,	1
@EkeleJiata,	1
@ElSpaniard19,	1
@El__Bohemio,	1
@ElaineEDO,	2
@ElaineSoCalGov,	1
@ElasticDroid,	1
@ElectionLegal,	1
@ElexiconEnergy,	2
@Eli_ElChantiry,	1
@ElizKolbert,	1
@Eliz_Hightower,	1
@Ell_arty,	1
@ElleArmstrong19,	1
@Ellenka_arts,	1
@EllieHighwood,	1
@Eloise98496253,	1
@ElonJet,	1
@ElonMusk",	1
@ElonMuskNewsOrg,	1
@Elysee,	1
@Emilie_Dye,	1
@EmilyJDonaldson,	1
@Emma34770971,	1
@EmmaJClemmons,	1
@EmmaMAshford,	1
@EmmaVigeland,	1
@EmmanuelMacron,	1
@EmmanuelRaju7,	1
@EmpireStateBldg,	1
@EmpiresMen,	1
@EmpressThaliaa,	1
@EndTesla,	1
@Energetic_Nova,	1
@EngrM_Bello,	1
@EnrelChi,	1
@Ent_Event,	1
@EntropyChase,	1
@Environment_Ke,	1
@Ephrata_Levi,	1
@EpochTimes,	1
@EquityJoe,	1
@Erdnc88737710,	1
@Eric-Paul-Rogers,	1
@EricG1247,	1
@EricTopol,	1
@EricWil06256732,	6
@EricaCl09704818,	1
@ErichReimer,	1
@ErikSolheim,	1
@Ersatz_Attorney,	1
@EskoLampinen,	1
@EthanBearman,	1
@EthanMarquardt7,	2
@EthonRaptor,	14
@EuOutta,	1
@EuphoricEuler,	2
@EuroConNet,	1
@EuromaidanPress,	1
@EvaFoxU,	2
@EvaMarieAyala,	1
@EvanFonten0t,	1
@Eve_Barlow,	1
@Evebazaiba,	1
@EvilEyeTweets,	1
@Evry1H8sGrtzLOL,	1
@ExactlyToo,	2
@Excellion,	3
@ExplainThisBob,	1
@ExpressionsOOZ,	1
@ExtinctionR,	5
@EyalShay2,	2
@EyesOfOwls,	1
@Ezim79,	2
@FBI,	1
@FCSScout,	1
@FChecker76,	6
@FEANTSA,	1
@FEARGODBRO,	2
@FFFMAPA,	1
@FFFireland,	1
@FINALLEVEL,	1
@FLOV1985,	1
@FabulousMrsFox,	1
@FactSparrow,	1
@FactsB4Politics,	1
@FailureMan5,	2
@Fall_of_Civ_Pod,	1
@FannyGaslighter,	1
@FatEmperor,	1
@Fauntje,	1
@FaveAbuser,	1
@FearlessExpress,	4
@FeelsOkayBro,	1
@Feelsdesperate,	1
@FehringerMartin,	1
@Femiolaolu1,	1
@FiercelyMeRN,	1
@Fight4RightTeam,	1
@FightTheEntropy,	1
@FijiPM,	1
@FilbertCobb,	13
@FillmoreWhite,	1
@Fin24,	1
@FinGayle,	1
@FinMadame,	1
@FinanceHippy,	1
@FinancialTimes,	2
@FindMeABottle,	1
@Firecaptain16,	1
@FisherSpeaks,	1
@FixMetroMDT,	1
@Fixalas,	1
@FlakMatrix,	1
@FlamingArse,	4
@Flattielover,	1
@FleurFleurshack,	1
@FlitaWesglen,	1
@FlySMF,	1
@FootballFunnnys,	1
@Forbes,	1
@ForestServiceSW,	1
@ForgivenDope,	1
@FossilFission,	1
@FoxNews,	9
@FrackAction,	1
@Frank49245512,	1
@FrankCa99209718,	1
@FrankDElia7,	3
@FrankLuntz,	2
@FrankWi74044551,	6
@FrantaJaro,	1
@FredFunkFumb,	4
@FrediOtto,	2
@FreeAtLast2021,	1
@FreeMsian,	1
@FreedomMattNYC,	1
@FreightWaves,	1
@Fridays4future,	4
@Fridaysforswana,	1
@FriendsOScience,	5
@FriseSally,	1
@FrogspawnReuben,	1
@FromSANDEE,	1
@FrontBurnerCBC",	1
@Frosty69B,	2
@FuckJac96691228,	1
@FvckYourFear,	2
@G2esports,	1
@G58630848Girl,	1
@GBNEWS,	4
@GCICUganda,	1
@GDThor1,	2
@GGI_Kenya,	1
@GGMM_2020,	1
@GMACVHHH,	4
@GMSRailway,	1
@GOENRI,	2
@GOP,	7
@GOP.",	1
@GPair10,	1
@GPrime85,	1
@GSXP,	1
@GSwarthout,	4
@GWHomeTeam,	1
@Gabby_Hoffman,	1
@Gadis_bayinya,	5
@Gaias_daughter_,	1
@GalGlassy,	1
@Ganeshan,	1
@Gappy_is_Rad,	1
@GardenerSpike,	1
@GarlandNixon,	1
@GaryGensler,	2
@GaryLineker,	3
@GaryPranzo,	1
@GarysheffieldJr,	1
@GavinNewsom,	1
@Gazza41,	1
@GeezaDood,	1
@GeneFrenette,	1
@GentlemanGeorge,	1
@GeoConservative,	1
@GeorReader,	1
@GeorgeMonbiot,	4
@GeorgeSzamuely,	1
@GeorgeWahingto8,	1
@GeorgiaStateU,	1
@GeraldKutney,	25
@GerardDelaney39,	1
@Gfilche,	1
@Ghost_2034,	2
@GiadaPistilli,	1
@GiannaSimone1,	1
@GigaS3XY,	1
@GillianYoungBe1,	1
@Gimpuslegend,	1
@Giulio_Firenze,	1
@GiveUsAQuid,	1
@Gladfly1,	13
@GlassAnimals,	1
@GlenLongwell89,	1
@GlennCarr6,	14
@GlennFinkelde,	1
@GoLowCrypto,	3
@GoatMunch,	2
@Godfly__,	2
@GodlessLiz,	2
@Godslightangel7,	4
@GoodElija,	1
@GoodPoliticGuy,	9
@Goodtrouble79,	1
@Google,	1
@GovInslee,	3
@GovKiribati,	1
@GovMLG,	1
@GovRonDeSantis,	1
@GovTimWalz,	1
@GovUganda,	2
@GraceIrene21,	4
@GrahamBoydphd,	1
@GranadaReports,	1
@GrandpaSnarky,	1
@GrantNoland,	1
@GrantSi49936876,	1
@Graybea71861266,	1
@GreatTammie,	2
@GreenEdToday,	1
@GreenMatters,	2
@GreengrantsFund,	1
@Greenpeace,	3
@GregAbbott_TX,	1
@GregAbbott_TX‚Äôs,	1
@GregClarkMP,	1
@Greg_Poirier,	3
@GregorSemieniuk,	1
@GregoryHo13,	1
@GretaThunberg,	10
@GretchenlbB,	1
@Grey_fox01,	1
@GrieveNSpin,	1
@Grimnien,	2
@Gritzblitz56,	1
@GrnConservatism,	1
@Grrttlln,	1
@Guardia56241490,	4
@GuidoFawkes,	1
@GurbachDavid,	1
@GuruofFatness,	1
@GusGreen18,	1
@GuySquiggly,	1
@HAsl05766677,	1
@HCConservancy,	1
@HCPSS,	1
@HC_Richardson,	1
@HHelenakhl,	1
@HJhughes79,	1
@HNTdove,	1
@HSBC,	1
@HaIfoffathIetic,	2
@HaircutSpock,	2
@Hakimi09966557,	14
@Hakimi82421476,	1
@HalleVerkehrt,	4
@HalloFeld,	1
@HamRadioJoe,	3
@HankMullaney,	1
@HankStern2,	1
@HappensClimate,	13
@HappyCow,	1
@HarryMbike,	1
@HarryRBurger,	1
@HarryYorke1,	1
@HashUrTag,	1
@Hashim_techn,	1
@HassanSMohamud,	1
@Havant_Enviro,	1
@Hazbeen66,	1
@HealTheEarth4,	1
@HeathenSawyer,	2
@HeathenWombat,	7
@HeathensAplenty,	1
@Hellmark,	1
@HelpRodger,	1
@HenrikWallin3,	2
@HerrFizz,	2
@HerschelWalker,	2
@HiFiWhiPhi,	1
@HillaryClinton,	2
@HillaryTaylorVI,	1
@HistoryNed,	1
@Hji45519156,	12
@HockeyFanGirl12,	1
@Holdstk,	1
@HoleyPanda,	1
@HollyHuntley3,	2
@Homer4K,	1
@HondoResists,	2
@Honjonba,	1
@HoodHomesGarden,	1
@Hooligaani,	1
@HooloovooBlue,	1
@HossainAnamika,	1
@HouseGOP,	1
@HoustonChron,	1
@HoustonTxnw,	1
@HowieRose,	1
@HsuRina1,	14
@Huckleberry1023,	3
@HuffPost,	1
@HughCam34026215,	1
@HumanistMike1,	1
@HumbugSonof,	7
@HuntersArtWork,	3
@Hurty_Truths,	1
@HuslerLaurenz,	1
@IAPonomarenko,	2
@IBergwiesel,	4
@IDA_CRPD_Forum,	1
@IDRCinAsia,	1
@ILuvCO2,	1
@IMSouthAfrica,	1
@IMudlet,	4
@INCIndia,	2
@INdnrnews,	1
@IPCC_CH,	1
@IUCN,	1
@IUCNAsia,	1
@IZMKS44,	3
@IagosCracker,	1
@Iamraje78412219,	1
@IanAustReach,	1
@IanB_67,	2
@IanDJbrown2,	11
@IanHugh07940666,	6
@IanOliverWX,	1
@IanTPaul,	1
@Ianblackford_MP,	1
@Icecinder,	4
@Icha20211,	1
@IcnirpMick,	10
@Idragoon,	1
@IfNotNowOrg,	1
@IlhanMN,	1
@ImLemonFaded,	1
@ImRusts,	1
@ImranKhanPTI,	1
@Inch_Creek,	1
@Indemb_Muscat,	2
@IndependentSage,	1
@InfectiousMasc1,	3
@IngaUglich,	1
@IngersolRobert,	29
@IngridIngwah,	2
@InibeheEffiong,	1
@Inkling61,	1
@InlandCaGuy,	1
@InstantRegre1,	1
@Investigatethe2,	4
@InvestorAgenda,	1
@Iromg,	1
@IrrTruth,	1
@Isabell17267660,	1
@IstPhobe,	1
@ItalianNavy,	1
@ItalyatNATO,	1
@ItsFreakinHarry,	1
@ItsKayKayB,	1
@ItsTheAtmospher,	16
@Its_BasedEroc,	1
@IvanaE,	2
@Ivsy01,	1
@IvyKungu,	1
@IwriteOK,	1
@Iyervval,	1
@JAFOOFAJ,	1
@JAlan21813286,	3
@JDHaltigan,	1
@JEChalmers,	6
@JFracson,	1
@JHerbatov,	4
@JJCCAA_,	1
@JJonesUCD,	1
@JKSteinberger,	1
@JKash000,	5
@JKay52297925,	1
@JM539581,	1
@JMDelga82664720,	1
@JMPSimor,	1
@JMPeck69,	1
@JMichaelWaller,	1
@JR4_Truth,	1
@JRJHealey,	2
@JRNyquist,	1
@JSSciencefocus,	1
@JSegor,	2
@JSpeshCA68,	1
@JaEsf,	1
@JaTapps,	2
@Jabanker,	1
@Jaboowins,	1
@JackPosobiec,	3
@JackSillin,	1
@JackWhoElse,	2
@JackWilliaMSU,	1
@JackleJade,	1
@Jairam_Ramesh,	1
@Jaisans,	17
@JakeEschen,	4
@Jakegsm,	12
@Jalopnik,	1
@JamesCa45920153,	3
@JamesDelingpole,	1
@JamesLynchGTC,	2
@JamesRider3,	1
@Jamie0605,	1
@JamieBuxton16,	1
@JamieMetzl,	1
@Jamz129,	3
@JaneCaro,	1
@JaneMactaggartL,	1
@Janemarch888,	1
@JanineClimate,	3
@Jankersville,	1
@Jannermaid1,	1
@JannieJo8,	1
@January6thCmte,	1
@JasonBassler1,	1
@Jaxie_B8,	3
@JayMotty,	1
@JayVanOrman,	1
@Jaytee116James,	2
@JazzyJoe1156,	1
@Jbatman02,	1
@Jcatsgot9,	2
@JeanCharest_,	1
@Jeanett12810864,	1
@JeffBerk3,	5
@JeffBernard1,	4
@JeffDSachs,	1
@JeffGreason,	1
@JeffMil76620840,	1
@JeffPowerBaby,	1
@Jekka231,	1
@JenAndersonNYC,	1
@JenOConnell_,	1
@JennRooney1,	1
@JennaSudds,	1
@Jenna__LP,	1
@JennieGow,	1
@Jennie_SC1,	1
@Jennife94286559,	1
@JennyWing17,	1
@JeremyPhilosoph,	2
@JeremyVineOn5,	1
@JerryGracio,	1
@JerusalemDemsas,	1
@JesseKellyDC,	3
@JesseMock42,	1
@JesseSUSA,	1
@Jetson77,	1
@JiWordman,	1
@JimBair62221006,	1
@JimBlack48,	18
@JimBowersclimb,	29
@JimSatone,	4
@JimTheSSR,	5
@JimWatsonOttawa,	3
@Jim_Jordan,	1
@JimeeLiberty,	2
@JimlikesBB,	1
@JimmyBarnes,	1
@JimmyG04346356,	1
@Jlaura_3,	1
@JoJoFromJerz,	3
@JoanESheldon,	1
@JockThomson54,	1
@JodyHice,	1
@JoeBiden,	6
@JoeBlob20,	1
@JoeHoldenCBS3,	1
@JoeProvolone,	1
@JohnAnneMarie2,	1
@JohnDo30811275,	1
@JohnDrLovell,	2
@JohnDublin10,	1
@JohnFahy7,	1
@JohnFraserOS,	1
@JohnKerry,	6
@JohnKrahn2,	1
@JohnOz1900,	4
@JohnRDTaylor1,	1
@JohnRanford,	1
@JohnRya13591294,	1
@JohnStuartWilso,	1
@John_Edwards1,	1
@Johnkim26391993,	1
@JohnnyBizzel,	3
@Johnny_Joey,	1
@Johnson__joey,	1
@JoinIsmail,	1
@JolyonMaugham,	1
@JonRFleming,	4
@JonV_Greennight,	1
@JonasGr19640602,	1
@JonathanHannah,	2
@JonathanWilling,	1
@Jonathan_PaulMD,	1
@JonesHowdareyou,	1
@Jonnyporkchop,	4
@Jonsey_Thfc,	1
@JordanDunbar10,	1
@Joseph621960,	1
@Joseph_Santoro,	1
@JoshMclean10,	1
@JoshSehn,	1
@JoshStein_,	1
@Josh_Young_1,	1
@JoshuaSeattle1,	1
@JosieLe62818667,	10
@JournoResource,	1
@JoyAndreadakis,	1
@JoyAnnReid,	1
@JoyCannabis,	1
@Jpowerssss,	1
@JsharkJill,	11
@Jthmeow,	1
@JudyAldrich9,	1
@Jul56com,	1
@Jules5RunCO,	1
@JuliaDavisNews,	2
@JuliaLaite,	1
@JunagarhMedia,	1
@JunkScience,	1
@JunusAnna,	1
@JurryL212,	1
@JussieWallace69,	4
@JustACock7,	1
@JustStop_Oil,	1
@Just_FutureDRC,	1
@JusticeTrudeau,	2
@JustinTrudeau,	5
@JxckSweeney,	1
@K24English,	1
@K24Turkce,	1
@K4Climate,	1
@KATUNews,	1
@KATURATION,	1
@KBrabender7,	1
@KCTaz,	20
@KHayhoe,	1
@KIRO7Seattle,	1
@KISSMyArt72,	1
@KITV4,	1
@KO20211,	1
@KOB4,	1
@KOT4Q,	1
@KQED,	1
@KSeattleWeather,	1
@KSulza,	2
@KVS_HQ,	1
@KVianSuneel,	1
@KW7of8CC,	1
@KabilaObbo,	1
@KaikifaCEO,	1
@KambojAnanya,	2
@Kamrom,	1
@Kansas_Jensen,	1
@KaoHua3,	1
@KapilMishra_IND,	1
@KaraJarina,	2
@Karai_Dan,	1
@Karate_Kaninen,	1
@KarenBarryDavi1,	1
@KarenBassLA",	1
@KarinLundberg6,	1
@KarlaGeology91,	1
@Karmageddon67,	2
@Katforoffice,	1
@Kathmarval,	3
@KathyGrants,	1
@KatieBrittforAL,	1
@Katt2080,	1
@KawaiSusana,	1
@KayBurley",	1
@KayJaySings,	6
@KayRollison,	1
@KeForestService,	1
@KediriFess,	1
@KeepItSimpin,	1
@Keeper_86,	4
@KeepsAtIt,	2
@KeillerDon,	15
@Keir_Starmer,	1
@KeithMcNeill6,	1
@Kelvinismael72,	1
@KenCaldeira,	1
@KenKozack,	1
@Kenneth72712993,	24
@KetanJ0,	2
@Kettlefrog,	1
@KevinHo09336944,	1
@KevinHoganMP,	1
@KevinI,	1
@KevinK1776,	1
@KevinKileyCA,	1
@KevinS96130609,	3
@Kevin_Matthews_,	1
@KhandaniM,	1
@KhorneFlakes88,	1
@Kikokiki_txt,	1
@Kimberfan76,	1
@KimberlyNFoster,	1
@KimneoHangshing,	1
@KingDolphThe3rd,	1
@KingMetal7,	4
@Kingey16,	4
@KinsG8R,	1
@KipgenNemcha,	1
@Kirkralphb,	1
@KitemanArgues,	1
@Kiwikatz1,	1
@KizoRonin,	1
@KnowingBetterYT,	1
@KoinKaiser,	1
@KrisMichelleZ,	1
@KristinasCall,	1
@Kristyann39,	1
@Kuntrella,	4
@KurdishVoice,	1
@KurtSchlichter,	1
@Kurz_Gesagt,	2
@Kveldulf70,	1
@KwasiKwarteng,	2
@KyDUIGuy,	2
@KyivIndependent,	1
@LACGFY,	1
@LATimesfarmer,	1
@LCHF_Matt,	1
@LFC,	1
@LGillon2,	1
@LSDinmycoffee,	1
@LSRPlaid,	1
@LWilson95477508,	1
@LaSalleEd,	1
@LabLostHeHe,	1
@LacDuMichigan,	4
@LadyOfTheOcean1,	1
@Lady_Ethe,	1
@LakotaMan1,	1
@LanasBlessed,	1
@LanceUSA70,	1
@LaneMonsterTX,	3
@LarrabeeNed,	1
@LarryTu05180091,	1
@LarsNewbould,	9
@LasVegasACC,	1
@LasVegasLocally,	1
@Latarnik101,	1
@Laura06142811,	1
@LauraDuncan2022,	1
@LaurenCBS4,	1
@LawSelfDefense,	1
@LazarusLong13,	4
@Ldogls,	2
@LeannEAF,	2
@Leannedal9,	1
@Lee47822912,	1
@LeePownall,	1
@LeeRussian,	1
@LeeroyBrown322,	1
@LeftBehindPoet,	1
@LegendaryEnergy,	4
@LelHulagirl101,	1
@LenniCoffey,	1
@LeoDiCaprio,	2
@LeoDoDao,	1
@Leo_Puglisi6,	1
@LeonGids,	1
@LeonardVoice,	1
@LeopoldDilge,	8
@LesJohnsonHrvat,	11
@LeslynLewis,	2
@LetsWookiesWin,	1
@Lex_491,	1
@LiamKav,	4
@LiamPayne,	1
@LiberalAus,	1
@Liberalsoldier2,	1
@LibertarianWonk,	1
@LibertyViking1,	1
@Liconn54,	1
@LicypriyaK,	1
@LifeNyc2,	4
@LigiaTeixeira,	1
@Likeshesays,	1
@Lilies09,	2
@Lily195066,	1
@Limmered,	1
@LincolnWatchman,	1
@LincolnsBible,	1
@LindaOs59385190,	1
@LindseyGrahamSC,	3
@LingfieldPark,	2
@LinguIna20,	2
@LionHearted76,	1
@LisaMarieBoothe,	1
@Littleoldj,	1
@LivEchoLFC,	1
@LivFaustDieJung,	1
@LiveGreenHoward,	1
@LiviButt,	1
@LivingTheLi,	1
@Liz43226577,	1
@LizaPersky,	1
@LizzyJPrice,	1
@Lo_VVriter,	1
@LofayPeter,	3
@LoganYenser1,	1
@Londonsplantman,	1
@Loogoobroo,	1
@LorainneMacDon1,	1
@LordOfFreedom2,	1
@LoreAsbury,	5
@Loreign83,	1
@LorenzoSchiliro,	1
@Lorrilala,	4
@Lost_Loyalist,	1
@Lost_human19,	1
@LouDobbs,	1
@LouGarza86,	1
@LoughnaneB,	2
@LouisCy72344053,	1
@LouiseReville2,	1
@LouiseWluddite,	1
@LoveUnsworth,	1
@Loveeve65702806,	1
@Lozprinces,	1
@Luarien,	1
@Luca31404488,	1
@LuckeyUte,	1
@LucyFaulkes,	1
@LucyHodge2012,	1
@Lucyfer________,	1
@Ludo4PF,	1
@Luigi3692,	1
@LuisfButHornt,	1
@LukeDyks,	1
@LukePollard,	1
@LukeSo20,	3
@LukondeSama,	1
@LuluLickety,	1
@LydiaYang21,	2
@Lynette71189156,	1
@M7_Reaper,	1
@MAC_N_Trees,	1
@MAMelby,	1
@MBilunes,	1
@MBoxel,	1
@MCD_Delhi,	1
@MCRobredz,	1
@MEMD_Uganda,	2
@METAPCs,	1
@MFIsecretagent,	1
@MFrance923,	2
@MGermaine6,	1
@MIT,	1
@MJALSHRIKA,	1
@MJB24681,	3
@MJdowntheshore,	1
@MJnanostretch,	1
@MKahn84,	1
@MLBinWA,	1
@MLoParis,	1
@MRobertsQLD,	1
@MSFTIssues,	2
@MSNBC",	1
@MSNBC,	3
@MSarcasticus,	1
@MStillblowing,	1
@MTabarrok,	1
@MYANC,	1
@MacFarlaneNews,	1
@MackenzieMays,	1
@Mackiavelli131,	1
@Macsmart31,	1
@MaddMiche,	1
@MadeInTheUSANJ,	5
@MaebiruRose,	1
@MahaPolice,	1
@Mahmood93400984,	1
@MailOnline,	4
@MairScott3,	2
@MalcolmNance,	1
@Mama3Cubs,	1
@MamaTigress22,	1
@ManonCreativeM,	2
@Mantequillaekis,	1
@ManujMadan,	1
@MarciaBunney,	2
@Marcus4Georgia,	1
@MariaOLASUKANMI,	1
@MarioGearbox,	2
@MarionMartin199,	10
@MarkB1959,	1
@MarkCHamilton,	2
@MarkCranfield_,	2
@MarkELacey,	2
@MarkHertling,	2
@MarkJCarney,	2
@MarkJohnsonTw,	4
@MarkMan47012333,	1
@MarkRuffalo,	1
@MarkTrewick1,	1
@Mark_A_Lunn,	11
@Mark_Sisson,	2
@MarketUrbanism,	1
@Marlins",	1
@Marsh2728,	1
@MarshallCd,	14
@MartaPascual3,	1
@Martelocris,	2
@MarthaThomas20,	2
@Martha_LastGen,	1
@MarthavonRohr,	1
@Martin020455,	1
@MartinBrampton,	6
@MartinG64208450,	1
@MartinJBern,	18
@MartinKulldorff,	1
@MartyBent,	1
@MarxistWonk,	1
@MaryBovard1,	1
@MaryLal82360537,	3
@MarybethRoxxs,	1
@Matt33104703,	1
@MattAlhonte,	1
@MattGertz,	1
@MattSeg09,	2
@MattWallace888,	3
@MattWalshBlog,	2
@Matt_KeanMP,	3
@MattakaHanz,	1
@MatthBurkhalter,	1
@MatthewHavicon,	1
@MatthewPFirth,	1
@MatthewWielicki,	1
@MaureennKelly,	1
@MaxBlumenthal,	1
@MaxCRoser,	5
@MaxFichtner,	1
@MaxaMilou,	1
@MayorBovo,	1
@MayorDaley,	1
@MayorDanGelber,	1
@MayorDaniella,	1
@McClellanOsc,	1
@McFaul,	1
@McGeezer70,	2
@Mchael21592783M,	4
@Mcschweety,	1
@MeDreggy,	1
@MeToobirdy,	1
@MeanaceRedred,	1
@Mechtech007_NM,	1
@MeckeringBoy,	1
@MedBennett,	24
@MegQuahogRI,	3
@MegaDigga,	1
@Megalodon_16,	4
@Megavolt1,	2
@MeidasTouch,	1
@MelissaLDavey,	1
@MelodyFenton4,	1
@MemeGirlsStudio,	1
@MerielMyers,	1
@MerusFelix,	1
@MetalGearFacts1,	1
@MetcheckUK,	2
@Metet_A,	2
@MetroUK,	3
@MhehedZherting,	1
@MiamiHEAT,	1
@MiamiMayor,	1
@MiamiSeda,	1
@Michael08483429,	2
@Michael53418170,	1
@MichaelBrailsfo,	1
@MichaelEMann,	4
@MichaelKitces,	1
@MichaelSteidel,	2
@MichaelWestBiz,	1
@Michael_56,	1
@Michael_AW77,	1
@Michael_D_Crow,	13
@MichalGrzywa,	1
@MichelleKOMO,	1
@MichelleObama,	1
@Michelleisback1,	1
@MichellesDude,	1
@MickWest,	3
@MiguelVegaTurf,	1
@MihrThakar,	1
@Mij_Europe,	1
@Mike4truths,	3
@Mike8Wallace,	1
@MikeBlack114,	1
@MikeDel21893959,	30
@MikeH_MapleGrov,	1
@MikeHudema,	3
@MikeKATU,	1
@MikeOkuda,	1
@MikeSchreiner,	1
@Mikevago,	1
@Milamber_9,	1
@MillieButtery93,	1
@Mimi000111222,	1
@MinAffSocPVH,	1
@MindfulDamage,	2
@MinecraftMarket,	1
@MinecraftMeme16,	2
@MinnesotaExpat,	4
@Minxky999,	1
@MissCharlesV,	1
@MissNoelKyndal,	1
@Missy8008135,	1
@MissytheMuse,	1
@MistaRiceMan,	1
@MitchBenn,	1
@MittRomney,	1
@MitziPyle,	5
@MizCazorla1,	1
@Mizzou_Cards_NO,	1
@MktsInsider,	5
@MlRoberts76,	1
@MlburekMonica,	1
@MochaADUwU,	1
@ModBond1,	1
@ModernCSA,	1
@ModernSociety33,	2
@Moderna5G_666,	13
@MogiVickie,	1
@MollyJongFast,	2
@MomsDemand,	1
@MonaPatelT,	1
@MonaRahalkar,	1
@Monarijulius,	1
@MondoAlberta,	1
@MonkeyMyBack,	2
@Monkeys2Fly,	1
@Monstercoyliar,	4
@MoodyHikmet,	1
@MorpheusBeing,	2
@Mortscab,	1
@MotherJones,	1
@Mphiliseni1,	1
@MrAndrewKoolaid,	1
@MrAntiWoke,	4
@MrBeast,	1
@MrColionNoir,	1
@MrKapitalist,	1
@MrLeonMusk,	1
@MrMatthewTodd,	3
@MrMcWhiteGuy1,	1
@MrStephenHowson,	1
@MrWeeler,	2
@Mrluiscarrillo,	1
@MstrWaterbender,	1
@MtnGrl4,	1
@MucusMucous,	6
@MuellerSheWrote,	1
@MugatoAstronomy,	1
@MumClimate,	1
@MurphyYuiko,	3
@Muskidd,	1
@MusoniusRufus,	1
@MustBeJoshing,	12
@MusubiBrand,	4
@Mxamus,	1
@MyBreex,	1
@MyChickenDinner,	1
@Mylindalu,	1
@Myra26508725,	1
@N3S73,	1
@NASA,	1
@NASAArtemis,	1
@NASAClimate,	4
@NASAEarth,	1
@NATO,	1
@NBA,	1
@NBCNewAmsterdam,	1
@NBCNews,	1
@NBirenSingh,	2
@NC_24,	1
@NCbeachgirl48,	1
@NHC_Atlantic,	2
@NKozev,	1
@NOAA,	2
@NOTD,	1
@NPietryg,	1
@NRA,	3
@NRDC,	1
@NSP_TroopD,	1
@NSUIAssam,	2
@NSurfer62,	2
@NWSBoulder,	1
@NZHCanvas,	1
@N_Schmid,	4
@N_im_h,	3
@NadiaVlasenko,	1
@NadineDorries,	1
@NafeezAhmed,	1
@NaffStuff,	1
@NagpurPolice,	1
@NaheedD,	1
@NairaShola,	1
@NakabuyeHildaF,	1
@Nanaakua1,	1
@NaniWaialeale,	1
@NanoRaptor,	1
@NaraShi13876794,	1
@Narvuntien,	7
@Nasemy_ProFab,	1
@NatForTrump2024,	3
@Natalie9966,	2
@NatashaBertrand,	1
@NatashaCBS3,	1
@NaturalEngland,	1
@NatureClimate,	2
@Naveen_Odisha,	1
@Navsteva,	1
@NavyBrat59,	4
@Nazl63092608,	1
@NealRazzell,	1
@Neenie_15643,	1
@NeilUKIP,	1
@Neilcharles1450,	4
@NephthysPhoenix,	1
@New,	1
@NewYorker,	1
@Newfie_EGK,	1
@News12,	1
@News12NJ,	1
@Nic21121970,	1
@NickCohen4,	1
@NickDoody,	1
@Nick_Herrera34,	1
@Nick_Solari,	1
@NicklessColin,	1
@NicolaSturgeon,	1
@NicoleKelner,	1
@Nicoletta0602,	1
@NiecyOKeeffe,	1
@Nigel_Farage,	1
@NiggaAtheist,	2
@NiggazBackWILIN,	2
@NikaMelkozerova,	1
@NiklasHagelberg,	1
@NikolovScience,	2
@NimkoAli,	1
@NiyxieCat,	1
@NjbBari3,	1
@NkanyeziKubheka,	1
@NoDuFox,	1
@NoHiJinx,	1
@NoLieWithBTC,	4
@NoName07908751,	1
@NoScienceDenial,	3
@Noahpinion,	2
@NobodyCynic,	2
@Nockit1,	2
@NodiMend,	2
@NoelTurner194,	16
@NonliberalE,	1
@Nonpartisnan,	1
@NorbertPrinz,	1
@Norwegian_Lars,	1
@NotLordByron,	1
@NotRight510710,	1
@NotYFT_,	1
@Not_OkayBears,	1
@NotoriousOHM,	1
@NuckChorris16,	4
@OCDSB,	1
@OFYansaneh,	1
@OGCInews,	1
@OJPhilly,	1
@OK_Magazine,	1
@OLPWarRoom,	3
@OMGTheMess,	1
@ObtuseTroll,	2
@OccupyDemocrats,	1
@Oenophilechat,	1
@OffGridTech_net,	11
@OfficialDGISPR",	1
@OhhhNoItsJames1,	1
@OklahomaPatrio1,	2
@OlafScholz,	1
@OldGitsnDragons,	1
@OldGrump9,	5
@OldSchoolRachel,	1
@Old_soul84,	1
@Oldmateski,	1
@OlegUrminsky,	1
@OllyF1andftbl,	1
@OlumideIDOWU,	1
@OneManLaptop,	1
@OnjaliRauf,	2
@OntLiberal,	7
@OntarioNDP,	1
@OntarioPCParty,	1
@Openly,	1
@OrdinaryGamers,	1
@OrlandoMagic,	1
@OscarsWild1,	16
@Osprey0,	4
@OttawaMorning,	1
@Ozecrivaine,	1
@OzraeliAvi,	2
@Ozwino,	1
@OzzieMalone1,	4
@OzzmanOsgood,	1
@PATSenaluck,	1
@PAU_Uganda,	1
@PBIcanada,	1
@PBOTinfo,	1
@PBethlenfalvy,	1
@PCKJ3627,	1
@PCarterClimate,	2
@PDXFire,	1
@PDemichel,	1
@PETERSARLENE,	3
@PGW11930,	1
@PIB_India,	1
@PJShakesitup,	1
@PLHartungRN,	2
@PLPercussionist,	1
@PMOIndia,	4
@PNASNews,	1
@POTUS,	11
@PPathole,	8
@PROMOVISIBILITY,	2
@PStewed,	1
@PaletteStardust,	1
@Palindome_,	1
@PalmOilDetect,	1
@PamKeithFL,	1
@PatCarr12856,	1
@Patricetienne1,	1
@Patrici81420046,	1
@PatriciaBeloved,	1
@PatricktheB,	2
@Patriot23P,	1
@PattyMurray,	1
@PauIatics,	1
@Paul204731131,	10
@PaulButterworth,	4
@PaulDFarrar,	12
@Paul_Karp,	1
@PaulusKazey,	1
@Pawankhera,	1
@Pcraindia,	2
@PearlHosannah,	1
@PenguinUKBooks,	2
@Pentosh1,	1
@Pepe__J,	1
@PercguerVal,	1
@Personperson788,	1
@Petagna,	1
@PeteButtigieg,	1
@PeterDClack,	1
@PeterDutton_MP,	2
@PeterFi98279139,	2
@PeterHotez,	1
@PeterMurrayChem,	1
@PeterWilsonTmba,	1
@PeterZeihan,	1
@PetriderPaul,	1
@PhilCygnus,	1
@Phil_Lewis_,	2
@Phililasophy,	1
@Philile_Zandi,	1
@PhilipBJago,	1
@PhilipIngMBE,	1
@PhilipJ_backman,	1
@PhillipAdams_1,	1
@PiattPicks,	1
@PierrePoilievre,	3
@PinkBristol,	1
@PinkPlymouth,	1
@PippaCrerar,	3
@Pippo79978721,	1
@PirroFans,	3
@PiusOko,	1
@PlagueofProgs,	3
@PlanetofFinks,	3
@Platinum2022,	1
@Pob21175819,	1
@PoesMyaa,	1
@PointmanC,	1
@PolAnimalAus,	1
@PoliticalToonz,	1
@Political_Rott,	1
@Pootle3rd,	1
@PopBase,	1
@PopulismUpdates,	1
@PorchProgram,	1
@PortlandPolice,	1
@PostAshley42,	1
@PractialMagic,	1
@Praetoriane,	1
@PrakashJavdekar",	1
@PremierImproves,	2
@PresidentIRL,	1
@PriceRip,	2
@PrimInVictoria,	1
@PrisonPlanet,	3
@ProVaxProHealth,	4
@ProfBrianCox,	1
@ProfMarkMaslin,	3
@ProfPCDoherty,	2
@ProfStrachan,	1
@ProjectVirginia,	1
@ProtoAtheist,	1
@ProudSocialist,	1
@Punkintweets,	1
@QP4Bell,	1
@Q_Estrada,	1
@QuBuBrasil,	1
@QuackDetector,	1
@QueenofNihilism,	1
@Quicktake,	5
@QuintonLucasKC,	1
@Quiptography,	1
@QuriousIn,	2
@RAM0667,	4
@RBReich,	2
@RCClimate,	1
@RColemanArt,	1
@RDCLandscapes,	1
@REV_Insulin_Res,	1
@RHMcK1,	1
@RJS2212,	1
@RMGCSA,	1
@RNBreakfast,	2
@RNCResearch,	4
@ROBNESSOFFICIAL,	1
@ROBRUADH2,	1
@RPKent,	1
@RRB05871793,	1
@RSBNetwork,	1
@RSGAT,	1
@RTENewsAtOne,	1
@RT_com,	1
@R_E_Palmer,	3
@R_H_Ebright,	1
@RachelWeatherly,	1
@RadicalMacaroni,	1
@RadioFreeTom,	1
@RahulGandhi,	2
@RaiderfanRandy,	1
@RailMinIndia,	1
@RailwaySeva,	1
@Rainmaker1973,	1
@RajatSharmaLive,	1
@Rambosully,	1
@RamiDraws,	1
@RamonaBessinger,	1
@RamonaFleury,	1
@RandellHynes,	1
@RandomUrban,	2
@RandyNorton_,	1
@RandyRRQuaid,	1
@RangaMberi,	2
@RantyHighwayman,	1
@RashidaTlaib",	1
@Rattle_Resists,	2
@RayDalio,	1
@RealAndyLeeShow,	1
@RealBaneCapital,	1
@RealCandaceO,	5
@RealCarlosO1,	1
@RealDoctorT,	1
@RealFletchM,	1
@RealJackSamurai,	1
@RealJamesWoods,	1
@RealMarkLatham,	1
@ReallyAmerican1,	1
@Realnotdreamer,	1
@Realshifte,	1
@RedAndBlackFrog,	1
@RedDeadRisen,	2
@RegVickers,	2
@ReillyRick,	1
@RellieDorsette,	1
@RepAndyBiggsAZ,	1
@RepBentz,	1
@RepBoebert,,	1
@RepBonamici,	1
@RepCasten,	1
@RepFitzgerald,	1
@RepGosar,	2
@RepMGS,	1
@RepMTG,	5
@RepNancyMace,	1
@RepPatFallon,	1
@RepPeteStauber,	1
@RepRichardNeal,	1
@RepStefanik,	2
@RepThomasMassie,	2
@RepublicanRehab,	1
@ResNeXtGuesser,	1
@Resist_05,	1
@Retired91465105,	12
@Reuters,	21
@RevMcCafferty,	1
@ReverseWineSnob,	1
@RexHavoc8,	1
@RiasBaixasWines,	1
@Richard18593976,	1
@RichardMCNgo,	1
@RichardTol,	1
@Richardcloses,	1
@RichardfromSyd1,	1
@RichterB3lm0nt,	4
@RickDaggle,	1
@RickLazzarini,	1
@RickSteves,	1
@RickyChamp1,	1
@RightWingCope,	2
@RijpeW,	1
@Riley93750359,	1
@RinShiroguma,	1
@RingsideC,	1
@Riseupmovt,	1
@RishiSunak,	6
@RitaPanahi,	1
@RjeanGirard1,	4
@Roadshow11235,	1
@Roark_Architect,	1
@RobDavy4,	1
@RobRob1965,	1
@Rob_C75,	1
@Rob_Kimbell,	1
@Robert76907841,	6
@RobertCostenaro,	1
@RobertH92267444,	1
@RobertKennedyJr,	1
@RobertS61212601,	1
@RobertVautard,	1
@RobertVonB1,	4
@Robertsixto2,	1
@RobinTDubois,	1
@Robin_Hagues,	1
@Roblev0,	1
@Rocky61653009,	1
@RockyMtnView,	1
@RoelofBoer,	1
@RogTallbloke,	1
@RogerHallamCS21,	1
@RogerPielkeJr,	1
@RohitGameti3,	2
@RomeTimed,	1
@RonFancy,	3
@RonFilipkowski,	4
@RonReedwlvslvfr,	1
@RoopSingh,	1
@Rose_withthorns,	1
@RossAndRussel,	1
@RossGilroy,	1
@Rothmus,	1
@RoyPentland,	8
@RoyalFamily,	1
@Royalacresrod,	10
@RoyallyBlunt,	1
@RpsAgainstTrump,	2
@RuaneGene,	1
@RubiDilaik",	1
@RubikaLiyaquat,	1
@RudyCerda,	1
@RuiAlve70616896,	1
@RuleByLogic,	4
@RuncibleH,	1
@RupertU,	1
@RushhourP,	31
@RussHunter77,	1
@RustyAway,	6
@RustyRoad,	5
@RyanGirdusky,	9
@RyanJenkins_TV,	1
@RyanMaue,	6
@RyanNovosielski,	1
@Ryanair,	1
@Rykehrli,	1
@Rythmol81,	6
@S2nningBabes,	1
@S3XYstarship,	1
@SABreakingNews,	1
@SA_TEXROD,	2
@SAfmnews,	1
@SBF_FTX,	1
@SBuddie1877,	1
@SCMPNews,	1
@SCPrice5,	1
@SCRailwayIndia,	1
@SCcharleston843,	1
@SDGoals,	1
@SDadebrtupdates,	1
@SFFDPIO,	1
@SHdonttweet,	1
@SLCLunk,	1
@SLordDampnut,	4
@SNMilitary,	1
@SProteen,	4
@SRevelare,	1
@SSJWHB,	1
@SShebop,	2
@SStricklandMMA,	1
@STRIKFORNATO,	1
@S_HastingsSimon,	2
@SaItyBrunette,	1
@SaVonniYestanti,	1
@SabirahLohn,	1
@Sachinettiyil,	1
@SadhguruJV,	4
@SageBrushProgr1,	1
@SagiBarmak,	1
@SaladinRospigl1,	1
@SaleemulHuq,	1
@SallyMayweather,	1
@SallyWilton3,	1
@SalmanSoz,	1
@SalsaPrice,	3
@SamCourtney16,	1
@Samagoue,	1
@SamanthaRatnam,	1
@Sammy_Roth,	1
@SampsonRamm,	4
@Samson37123571,	2
@SamuelQPrescott,	1
@SanChris999,	1
@SandeepNathanMD,	1
@SandraButlerANP,	1
@SandraNotSandy1,	1
@Sandra_Cole44,	1
@Sandwich_Smith,	1
@SandyDa64878716,	1
@SantorriniM,	1
@Santos_Relevo,	1
@Sarah4RRC,	1
@Sarcasmcat24,	1
@Sashababy2015,	1
@Satya91539128,	1
@SaveBritainUKIP",	8
@SaveBritainUKIP,	6
@SaveEnglishFolk,	1
@SavetheChildren,	1
@SavoryInstitute,	1
@SawyerMerritt,	1
@Sazerac123,	1
@Scatter15595383,	1
@ScienceMagazine,	1
@ScienceWDrDoug,	1
@ScotExpress,	2
@ScottAdamsSays,	1
@ScottHaass,	2
@ScottReinhart15,	2
@Scottmusicpiano,	1
@ScoutCass,	1
@Scrambu11,	1
@Sdg13Un,	2
@SeanCasten,	1
@SebasFC,	1
@SecBlinken,	1
@SecGranholm,	4
@Sechaba_G,	1
@SecretaryPete,	1
@SeeGree05766225,	2
@SegundaSpanish,	1
@Seinneann,	1
@SellNowAskLater,	1
@SenCortezMasto,	1
@SenMikeLee,	1
@SenRickScott,	1
@SenRonJohnson,	1
@SenRubioPress,	1
@SenTedCruz,	4
@Sen_JoeManchin,	3
@Sen_JoeManchin,,	1
@SenatorHick,	2
@SenatorHume,	3
@SenatorTimScott,	1
@SenatorWong,	4
@Sensong9,	1
@SerenaDeeb,	1
@SerenaTNZ,	1
@SerenadingD,	1
@SerendipityOr,	1
@SeriouslyFab,	1
@SethDebbie1,	1
@Shalinishhhhh,	3
@Shambles151,	1
@ShaneJa16905901,	1
@ShaneWelker,	1
@SharkSandwhich,	3
@SharkWitten,	3
@Sharont6Z,	2
@ShastaGecko,	4
@ShdwCo47,	1
@ShegorReader,	1
@Shell,	1
@ShelleyWilson30,	1
@ShellyRKirchoff,	3
@ShikhaaXO,	1
@ShimanoSteve,	1
@Shithappens116,	1
@Shitlawns,	1
@ShockTraumaNP,	2
@ShockTraumaRN,	2
@ShroedingerBird,	6
@SiHartley3,	1
@SibandaSibbs,	1
@Sicut_Lupus,	4
@Sida,	1
@Siemens_Energy,	1
@SimonBrundish,	1
@SimonCalder,	1
@SimonCotter62,	3
@SimonMahan,	1
@SimonMcCoyTV,	1
@SimonPearson961,	3
@Simply_Ju9,	1
@Sir_David_King,,	1
@Skairipa_kyag,	1
@SkepticSplinter,	2
@Skeptic_AA,	2
@SkepticalMutant,	6
@Sketchyjgaming,	1
@Ski0861,	1
@SkipperHowls,	1
@Skjha196,	1
@SkyNewsAust,	7
@SlagOffTwits,	1
@SloanSteed,	1
@SlpWalkr2,	1
@Smartie18439813,	1
@Smoke3ater,	1
@SmokeyCat42,	1
@Smoking_Chimp,	1
@Sneegsnag,	1
@SnoJustis,	1
@SnyderGm,	2
@SoCalValleyGal,	1
@SoDadNZ,	1
@Solar,	1
@SomPundit,	1
@Sometimeschilln,	1
@SouthTownKing,	1
@SpaceHub_SL,	1
@SpaceJosh,	1
@SpaceX,	1
@Spacecat668,	1
@SpartacusFactus,	1
@Speak535,	2
@SpeakUpAtWork,	2
@SpeakerPelosi,	3
@SpencerBrecheis,	1
@SpencerFernando,	1
@Spencerfletch0,	2
@Spettaobryt,	1
@SpicyNoodles2,	1
@Spoof_Junkey,	1
@Spoquey,	1
@SportingKC,	1
@Sportsmomma2020,	1
@Spotts1701,	1
@Sprinter0712,	1
@SquawkCNBC,	1
@StFranc30077093,	1
@StJude,	1
@StaLuziaEsteio,	1
@StacieMazzotta,	1
@StaffandBranch,	1
@Stalingrad_Poor,	1
@Starise244,	1
@StateFarm,	1
@Stats_of_India,	3
@SteRoPo,	1
@Steph_CaSparton,	1
@StephaneNature,	1
@Stephanielevay1,	2
@Stephen62466814,	1
@Stephen90045069,	10
@Stephengm99,	1
@StercusFaeculen,	1
@SteveGoffman,	1
@SteveHiltonx,	1
@SteveKoch1,	2
@SteveKornacki,	1
@SteveKubota,	1
@SteveSGoddard,	1
@SteveSaretsky,	1
@Steven41849941,	1
@StevenDelDuca,	2
@StitchingSin,	1
@StockholmPlus50,	2
@StopTheWEF,	1
@StormSignalSA,	13
@StormyRose01,	1
@Strategyjane,	1
@StrokeyStratfo1,	1
@StuartSyvret,	2
@StudyMaths,	1
@StumpforTrump,	1
@Sue31379894,	1
@SueBee1410,	1
@SueKayG1,	1
@Suesue2point0,	3
@SumerRiddle,	1
@Sunil_Deodhar,	1
@SunshineSass2,	1
@Superior2Logic,	1
@SupriyaShrinate,	1
@SurprisedWhy,	1
@SuryaRAcharya,	1
@Susindro2,	1
@SuspendThis73,	1
@SustainableKW,	1
@SustainableUCL,	2
@Swaroop_1102,	1
@SwedeninDRCongo,	1
@SweetMarie917,	1
@Swen_2017,	1
@SwetaSinghAT,	1
@SwiftOnSecurity,	1
@Switch03L,	1
@SwordtheChemist,	2
@SxarletRed,	1
@SydneyLWatson,	1
@SymmetryNFT,	1
@SyntheticPol,	1
@TAGOS22,	1
@TBates314,	1
@TBesserwisser,	1
@TDementedRaven,	1
@TECKNET5,	1
@TEDTalks,	1
@TGE7LionHeart,	1
@TIME,	4
@TIMGOLDFINCH,	1
@TJ2020landslide,	1
@TJDallas7,	1
@TJMair,	4
@TJMufuta",	1
@TJ_onfire,	1
@TMSManager,	1
@TMZ,	1
@TM_Eubanks,	1
@TNTJohn1717,	1
@TOI_Nagpur,	1
@TPCarney,	1
@TProphet,	1
@TTrevethan,	1
@TWCAlexWilson,	1
@TWTThisIsNow,	10
@TXT_bighit,	1
@TXT_members,	1
@TXWomenRESIST,	1
@TakeThatDarwin,	2
@TakethatCt,	4
@Takru5,	1
@TalkTV,	3
@Talltowersfan,	1
@TangChildren,	1
@TankMcMissile,	1
@Tanya_terrell1,	2
@Tark4Real,	11
@TaroIstok,	1
@TastyMorsel6,	1
@TbagsTweeter,	1
@Tcaddy5,	8
@TeaTheKook,	1
@TeamAdam76,	2
@TeamDSM,	1
@TeamEmiratesUAE,	1
@TeamFuloZim,	1
@TeamPervcb,	1
@TeenVogue,	1
@TejpreetDulat,	1
@TelegraphWorld,	1
@Teresa59255982,	1
@Teri_Kanefield,	1
@TerryGlavin,	1
@Tesco,	1
@Tesla,	7
@TeslaAndDoge,	1
@Tex_968,	1
@TexelElf,	1
@ThabangYountu,	1
@TheAmenty,	1
@TheAshenLuca,	1
@TheAstuteGaloot,	1
@TheCOAPodcast,	2
@TheCallieCat,	1
@TheCitizen_News,	1
@TheClearCider,	1
@TheDemCoalition,	1
@TheDemocrats,	1
@TheDisproof,	24
@TheGod_Particle,	4
@TheGreenGreenG1,	1
@TheGreenParty,	1
@TheHillTimes,	1
@TheJuicer10,	3
@TheKaizenTrader,	1
@TheKipSabian,	1
@TheLaurenChen,	1
@TheMarkOfAHero,	1
@TheMarketDog,	1
@TheO2,	1
@TheOrionSound,	1
@TheRand2025,	1
@TheRealCEOAmber,	5
@TheRealDoctorOs,	1
@TheRealKeean,	1
@TheReelRandom,	2
@TheRegularGirlT,	1
@TheRightCant,	2
@TheSeriousJax,	1
@TheSnowDreamer,	1
@TheSonOfNguni,	1
@TheStopthecoup,	1
@TheTodayShow,	1
@TheUncleAlShow,	1
@TheView,	1
@TheWeebsters,	1
@TheWestonMike,	2
@TheWineKiwi,	1
@The_Leaver,	1
@The_Tartan_Fox,	1
@Theearthrestor,	1
@ThereseOSulliv2,	3
@ThetwilightZon5,	1
@TheyAdam,	1
@Thick44Official.,	1
@ThinkyTexan,	1
@ThisIsColbert,	1
@Thomas_F81,	1
@TictacUfo,	1
@TiemannAmelia,	1
@TilghmanChris,	2
@TimHarvey1985,	1
@TimRunsHisMouth,	2
@Timcast,	2
@TimeToVoteRed,	1
@TimesNow,	1
@TimothyJay13,	1
@TinTincognito,	1
@Tinybutfierce1,	1
@Tiredearth,	1
@TobyRayEnglish,	3
@TodaywithClaire,	1
@ToddLyon8,	1
@Tokyo_Tom,	3
@TomFitton,	1
@TomPlesier,	1
@Tomarakh,	1
@TomiLahren,	1
@TommyJD5150,	1
@TomosBombadil,	1
@TomsTweeters,	2
@Tony4WI,	1
@TonyBaduy,	2
@TonyGFunderburk,	1
@TonyGonzales4TX,	1
@TonyVargas,	1
@TonyaFlew,	1
@Top_Muppetries,	4
@Topedav12783566,	1
@TorontoStar,	2
@TotalEnergies,	1
@TotalEnergiesUG,	1
@TownofComox,	2
@Tracesder,	1
@TractorLaw,	1
@TravellingAgro,	1
@TrentTelenko,	2
@TrevorDKidd1,	4
@TriPer2k,	1
@TricolorUnic,	1
@TroopzAFC,	1
@TroyRiser,	1
@TrueFactsStated,	1
@TrumpEraLibMeme,	1
@Trumpbangskids,	4
@TruthAJustice,	1
@TruthVulgarians,	1
@Tryingmypatient,	2
@TuckerCarlson,	2
@TucsonLake,	1
@TudorChick1501,	1
@TulsiGabbard,	2
@TurnbullMalcolm,	2
@Tweet2Scotland,	1
@Twistersister13,	1
@Twitter,	1
@Ty___Webb,	1
@TylerRMorrissey,	1
@TypicalDeviant,	1
@TypicalJAnt,	1
@UKBorder,	1
@UKGastroDr,	1
@UKIP,	1
@UKMisBrussels,	1
@UKinNepal,	1
@UN,	1
@UNBiodiversity,	1
@UNDP,	1
@UNEP",	1
@UNEP,	2
@UNFCCC:,	1
@UNICEF,	1
@UNICEFROSA,	1
@UNICEF_ITAmedia,	1
@UNICEF_JPMedia,	1
@UNICEF_Media_Fr,	1
@UNICEFmedia,	1
@UNICEFmedia_CA,	1
@UNOC_UG,	1
@UNSierraLeone,	1
@UNWFP_India,	1
@UNmountains,	1
@USAIDNepal,	1
@USATODAY,	2
@USDOT,	1
@USEmbFreetown,	1
@USMC,	1
@USNA_73,	1
@USNavy,	1
@USRightToKnow,	1
@US_FDA,	7
@US_Stormwatch,	1
@US_TRANSCOM,	1
@UdoBullmann,	1
@Ukraine66251776,	1
@UltraFringe,	2
@Umar__sofi,	1
@UncleNospik,	1
@UndercoverDane,	1
@Unicefuk_media,	1
@Usenamegone,	1
@UtopianLies1,	1
@UvMeter,	13
@Uvalde_CISD,	1
@VAS6323,	1
@VHuwhite,	1
@VICE,	1
@VLM7234,	1
@VP,	1
@VR118122EZ,	1
@VaNationalGuard,	1
@ValenSinn,	1
@Valerie4London,	1
@Valeriie_xo,	1
@ValerioCNN,	1
@Valja46Zhark5,	11
@Vamp__Kitty,	1
@VanJones68,	1
@Vanessa76_1,	1
@Vanguard_Group,	1
@Variety,	1
@VasevVsevolod,	1
@VasuBharat09,	1
@Vaw511,	1
@Vector_Scamp,	1
@Veganella_,	1
@VelvetEven,	1
@Veritatem2021,	16
@VerseusGreekus,	1
@Very_161Well,	1
@VezerCig,	1
@VfourVegeta,	1
@VickiBevins,	3
@VictorJennpaul,	4
@VictoriaPrentis,	1
@VictorianCHO,	2
@VictorianGreens,	1
@VictorinMarie,	3
@VinceGottalotta,	7
@VinoViews,	1
@VintiquesMark,	1
@Viper169a,	1
@VisitScotland,	1
@VitalityBlast,	1
@Vixen95Trish,	1
@VlVita,	1
@VolperAnthony,	1
@VoltOrchestra,	1
@VoltronEngineer,	1
@VoluntaryJapan,	1
@VoteEarlyNow,	1
@VulgarrViking,	1
@VusiSambo,	2
@W7VOA,	1
@WATCHMEBURNDOW1,	1
@WBG_Climate,	1
@WCDrs4PH,	1
@WCKitchen,	1
@WCKitchen.,	1
@WEF,	1
@WHO,	1
@WHUT,	1
@WHurensohn,	1
@WMBtweets,	1
@WMO.,	1
@WUR,	1
@WWE_MandyRose,	1
@WWF,	1
@WWFNepal,	1
@WWF_Australia,	2
@WakioDorcas,	2
@WalshFreedom,	1
@WalterTAllen,	2
@WarriorRose2,	1
@WashTimesOpEd,	3
@Waspapping_,	1
@WatcherGuru,	1
@WayneAllanH,	24
@WaysMeansCmte,	1
@WeAreShortOTime,	1
@WeDontHaveTime,	4
@WeLoveYouEmmett,	1
@WearWarriorgear,	3
@WeenLebowski,	1
@Welshsprout,	2
@WendyOrent,	6
@WendyRogersAZ",	1
@Wendy_Bacon,	1
@WesleyLowery,	1
@WesternRly,	1
@WesthamLindsey,	1
@WhalesGhost,	1
@WharfRat1969,	1
@What46HasDone,	1
@Wheres_Karma,	1
@WhiteLiesMatta,	1
@WhiteWonderly,	1
@WholeMarsBlog,	5
@WiccanGreen,	1
@WifeyAlpha,	1
@WildernessOz,	1
@WillThackray4,	2
@WillWat6,	11
@Willard1951,	14
@WilliamThaKid,	1
@WilloWispish,	1
@Willy1000,	4
@WinWithScience,	10
@WindFmAnalytics,	1
@WinnieAngel17,	1
@WinnieCheche,	1
@Winston43105474,	12
@WitnessKZN,	1
@WmManry,	1
@Woody4123,	1
@WoopsWoah,	1
@World,	1
@WorldBank,	1
@WorldBankNepal,	1
@Wot_the_Actual,	1
@Wydstrin,	1
@XRFamilies,	1
@XRLlareggub,	1
@XR_FFC,	1
@XRebellionUK,	1
@XT1LG,	1
@X_Jaeger_X,	1
@XlisaX81018241,	2
@Y2John84,	1
@YBrexiteer,	1
@YRBNicola,	1
@YahooFinance,	1
@Yakataga1,	1
@Yale,	1
@YarnSpinner666,	1
@Yesmabalzitch,	1
@YetAnotherBan21,	1
@YogiRoth,	1
@YooSantana,	1
@YouGiveMeFever7,	1
@YouTube,	1
@YounusSajjad2,	1
@Youroniagent,	1
@Yuj1r0Hanma,	1
@Yusuf4climate,	1
@YvetteHenson,	1
@Z42Be,	1
@ZSRenn,	1
@Zach28150464,	1
@ZachariahMariam,	1
@ZachsMind,	2
@ZaidJilani,	1
@ZanetaPetroska,	1
@ZaynJaffer,	4
@ZenaValdiviels1,	1
@Zidane1039,	1
@ZoeatShine,	1
@Zoetnet,	1
@Ztx294,	1
@Zurich_Irl,	1
@_42________,	1
@_BarringtonII,	1
@_Dan_Austin,	2
@_DeltaTauChi_,	1
@_FelineMenace,	1
@_Goatkins,	1
@_Ratzz_,	1
@_ResearcherGirl,	1
@_TrollKiller,	1
@__akua__,	1
@_aaantthony,	1
@_bigbodybenn,	1
@_chandnisingh,	1
@_evelynrae,	1
@_khartey,	1
@_mamadeb,	4
@_mzishi_,	1
@_prince_em,	1
@_rachelmcgee,	1
@_s3mp,	1
@_samcalhoun,	1
@_unisophia,	1
@aDissentient,	2
@aSinister,	7
@a_solveig96,	1
@aaplog,	1
@abcnews,	3
@aboyobbhuyan",	2
@aboyobbhuyan,	2
@achmatkamaar,	1
@acuna_r,	2
@adamlmorton,	1
@adlangx,	1
@aec,	1
@afewpoints,	1
@agenthoneybee,	1
@ahaidergilani86,	1
@airnews_imphal,	1
@ajlamesa,	1
@akaasi,	1
@akin_adesina,	1
@alandail,	1
@alessandrocomi6,	4
@alexbabieeee,	1
@alexi_starr,	1
@alfaqfour,	1
@algore,	3
@alienaliart,	1
@alisa_arty,	1
@aliyusadiq_gky,	1
@aljo_clark,	1
@allamericanrube,	1
@allansgodfre2,	1
@alphaINTEL,	1
@alphaomegatext,	1
@alqviper,	1
@alshadowdancer,	3
@alshalloway,	2
@alt_centrist1,	1
@alwasmovn,	1
@amavictoria,	1
@amazonIN,	1
@ammocrypta,	11
@amnesia_god,	1
@amorphousjelly,	1
@amyklobuchar,	2
@anartdecodiva,	1
@ancistroneura,	3
@anders_aslund,	1
@andersoncooper,	1
@andrewp109,	5
@andyjameshicks,	1
@andylumm,	2
@andymukherjee70,	1
@angelafritz,	2
@angelalevin1,	1
@angie_rasmussen,	1
@angry_mema,	3
@angrybklynmom,	1
@anilwrx,	1
@annabelcrabb,	3
@annaspeaksout,	4
@anneapplebaum,	1
@annembee,	1
@anonymous4835,	2
@anotheruiguy,	1
@antifaoperative,	1
@antoniocostapm,	1
@antonioguterres,	1
@aoc,	1
@arcanegoat,	4
@archer_rs,	1
@arctechinc,	1
@ariana_erbon,	1
@armanics,	1
@artificialoxyg1,	1
@arvindpawan1,	1
@arxivabs,	1
@ashionegallery,	1
@ashleevance,	2
@ashokgehlot51,	1
@aspin3,	1
@asteriskatic,	2
@astro1095,	1
@astronomer14,	1
@atacamagirl,	1
@atheistsposting,	1
@atherton_chris,	12
@atiku,	1
@atlfalcon89,	1
@atmanifarid,	1
@atrupar,	5
@auntlellie,	1
@autipulatious,	1
@automatrix66_KC,	3
@awjre,	2
@awsten,	1
@backinyerpram,	1
@baki6669,	1
@ballardsigns,	3
@balls95652097,	2
@baltch,	1
@bambkb,	1
@bankofengland,	1
@banks_abanks,	1
@banktshirt,	1
@barney4paws,	3
@barrowlaming",	1
@basqeetball,	1
@bbcaaron",	1
@beefinitiative,	1
@beingarun28,	1
@belikemike,	1
@bendragonborn,	1
@bendreyfuss,	2
@benitezent,	1
@bernardyevoo04,	1
@bertiecharlton,	1
@bettypge69,	2
@bexley_lucy,	1
@bhupeshbaghel,	1
@biffmack,	4
@bigdamo,	1
@bigstrongmo,	1
@bike_rogers,	1
@biker_Ian,	1
@bilgladen,	1
@billcup630,	1
@billjon72062888,	1
@billmaher,	1
@billzo_,	1
@binghach,	1
@birockinn,	1
@bishopSarahM,	1
@bisping,	1
@bjames280961,	1
@bjrrn1,	1
@blainekell6,	1
@blanktycho,	1
@blogTO,	2
@bmadhoush,	1
@bmbrigham,	1
@bobathon,	1
@bobbiejaneV,	2
@bobcesca_go,	1
@boggywood,	3
@bollinger_boi,	1
@bonsaibean,	1
@bonventurebondo,	1
@borgposting,	1
@boriboriboricua,	1
@boringcompany,	1
@borngeek,	17
@boucherhayes,	4
@bourbon_rox,	1
@bourgeoisalien,	1
@boxer_sacha,	1
@bradneuberg,	3
@brandondaly2018,	1
@brian_family2,	1
@brianapple12,	1
@brianbloop2,	1
@brianlilley,	1
@briantylercohen,	2
@brianvsthebooks,	1
@broomheadKTAR,	1
@brosandprose,	1
@brower__,	1
@browneaglewings,	2
@brsmeas,	1
@bruce_maclean,	1
@bryn_griffin3,	1
@btschartdata,	1
@btswifey4eva,	1
@buangmakwela,	1
@bulelani_23,	1
@bumpus_lumpus,	4
@burpled,	1
@business,	1
@butteryak,	1
@buttsandstuffer,	2
@bwaltzer,	1
@byJudeDoyle,	1
@byadavbjp,	1
@byetwit,	1
@cabalbuster2022,	1
@caesar_rising,	2
@caity2shoes,	2
@canes,	1
@canislupusb,	1
@canncr,	1
@capitalweather,	1
@carlanorris1,	1
@carlblom_robert,	1
@carlsmythe,	2
@carlycarbonate,	1
@caroljsroth,	1
@carolynCope18,	1
@cashandcarrots,	1
@casualtakeking,	1
@cat240359,	1
@catandman,	1
@catchywrench,	1
@catherine___c,	1
@cathworkingmom,	1
@catturd2,	1
@cb_doge,	1
@cbeckj,	4
@ccdeditor,	2
@ccowboy723,	1
@cdbrzezinski,	1
@celdirick1,	1
@charbrown20,	1
@charliedaniel06,	3
@charliekirk11,	3
@charliekirk11.,	1
@charliekulyrwah,	1
@charlottejass,	1
@chbaker1958,	1
@cheekykash,	1
@cheesecakelove,	1
@chefjoseandres,	2
@chi7510,	1
@chimera414,	15
@choo_ek,	1
@choptopmoseley,	1
@chris_kelly1991,	4
@chris_swenson76,	3
@chrisg409ubc,	1
@chrislhayes,	4
@chrispacman123,	1
@chrisxh558,	1
@chxrlxstylxr,	1
@ciaogirl9,	1
@cinveen,	1
@circulareconomy,	2
@citizenj17,	1
@cjbean80,	1
@cjdmartin66,	1
@cjtjgeol,	17
@cl1ntonserver,	1
@clausewitz1964,	1
@clim8resistance,	1
@climate,	2
@climateguyw,	1
@clownworld_bobo,	4
@clubbers007,	1
@cmschroe9,	1
@colincullis,	1
@collingwest,	2
@combatjew,	1
@conor64,	2
@conspiracyb0t,	1
@conzimp,	1
@coolestrogen,	1
@corcarrasco,	1
@corey_lineberry,	1
@corruptbritain,	1
@cosmicsoul477,	1
@coug62,	1
@cpickler18,	1
@cpsavesoil,	3
@crabb_vicki,	4
@craigo001,	1
@craigthomler,	1
@crikey_news,	1
@cristinesucks,	1
@crudegusher,	1
@crudelykevin,	1
@cruelsantino,	1
@crypt0blackbelt,	1
@crypti2021,	1
@cryptocom,	1
@cryptocomnft,	1
@cryptowala65,	1
@cspanwj,	1
@cthulhupotamus,	1
@ctilley79,	1
@ctkmusic.,	1
@curryja,	1
@cydney0071,	10
@d08890,	2
@d_e_mol,	6
@daddyhope,	1
@daily_leftism,	1
@daisydunnesci,	1
@dallasmavs,	1
@dalylvr,	2
@damewine,	1
@damien_maddison,	1
@dan613,	6
@danabranham,	1
@danacat1,	1
@daniel_son79,	1
@danielmkim,	1
@danmurtaugh,	7
@dann58638436,	2
@dannolan,	1
@danny_ashman,	1
@dannygeez01,	1
@dany_grazia,	1
@darkfarces,	1
@darkgryffon,	1
@darrengrimes_,	1
@darrentweets2,	1
@darth,	1
@datsvewynice,	1
@dave_odo,	1
@davedaley3,	1
@davehuntsman,	1
@davestewart4444,	2
@david_hanselman,	1
@david_j_roth,	1
@davidasinclair,	1
@davidcochrane,	1
@davideformolo,	1
@davidhogg111,	11
@davidkurten,	1
@davidmweissman,	2
@davidroachcouk,	1
@davidrvetter,	4
@davidsirota,	1
@dayle_design,	1
@dazm229,	1
@dbongino,	2
@ddoorn,	1
@dead_star_33,	1
@deaneckles,	1
@deb_sundby,	1
@debedee21,	1
@deborahskyrim,	1
@dedworth045,	1
@deepikapadukone,	1
@deirdreritchi10,	10
@dellarex,	1
@demko_moyo,	2
@denise_snively,	1
@dennisfang1,	1
@deonharris14,	1
@deppdiaries,	1
@dg_davies,	1
@dh3nny,	1
@dheenylkhair,	1
@dhilotweets,	2
@dhlexpressuk,	2
@dick_zinno,	10
@digby56,	1
@dineshgodara700,	1
@dirk_fasshauer,	6
@dirtychaes,	1
@discoball2000,	1
@discount_Ripley,	1
@djchicus,	2
@dlgatson,	1
@dmtwin21,	1
@docca75,	9
@docrocktex26,	2
@dodd_suzie,	1
@dogsdontliket,	5
@donswriting,	2
@dontlookupfilm,	1
@donwill94062871,	1
@doodle_bobby,	1
@doom37455413,	3
@doritmi,	4
@doug_hanks,	1
@doug_in_nc,	2
@dougkammerer,	1
@douglasritz,	12
@dougmcneall,	1
@doulbedoink,	1
@dpcarrington,	1
@dr_handler,	1
@dranthonygustin,	1
@drbypass,	1
@drewisadork,	1
@drewpeabs',	1
@drfeedbacker,	10
@drifter_silent,	1
@drivetimerte,	1
@drjrod1979,	1
@drochir_thonnuk,	14
@drumondo,	1
@ds_abp,	1
@dulcieburt,	1
@dumbfounded46,	1
@durododo,	1
@duty2warn,	1
@dwnews,	1
@dylanjmoon,	1
@dynamikcre8tor9,	2
@e100ss,	1
@e720d85e9def4de,	1
@eNCA,	2
@eThekwiniM,	1
@e_galv,	1
@eaglebymyside,	1
@ebklegacy,	1
@ecgc1004,	1
@ecoforlifeeu,	1
@ecoyuri,	1
@ed_hawkins,	1
@eddybird55555,	1
@edmnangagwa,	1
@edsuom,	1
@educationgovuk,	1
@eduzmi,	1
@edwinNamakanga,	1
@egggsac,	1
@einstein_evans,	1
@ejwwest,	16
@ektrit,	1
@elaine26459022,	1
@elainoharris,	1
@electroboyusa,	1
@ella_nilsen,	1
@ellbeepea,	1
@ellensjohn,	1
@ellymelly,	1
@elonmusk",	3
@elonmusk,	129
@elonmusk,,	1
@elonmusk:,	1
@elopezgross,	1
@emilyakopp,	1
@emilyhxrrera,	2
@emmaoconnellco,	1
@enable_rdc,	1
@endelstamberg,	4
@endisolar,	1
@energy_blogger,	1
@engineers_feed,	12
@enviro_matters,	1
@epkaufm,	1
@eric_am9,	1
@eric_flesch,	14
@ericfisher,	1
@ericswalwell,	1
@erinhahn_author,	1
@ernestereid,	1
@estebanorangel,	2
@ethicalfarmIE,	1
@eucopresident,	1
@eva_kurilova,	1
@evasong049,	1
@eve_chantel,	2
@evelynpa1ge,	1
@ex_pess,	1
@explosive_pengu,	1
@ezraromero,	1
@fagandr1,	1
@faith_required,	1
@fan_vor,	1
@fascinatorfun,	1
@fatdragonpro,	1
@fatzlaff,	1
@fayewonglover,	1
@fazeelamubarak,	1
@fcandorra,	1
@fckitlmao_,	1
@feebs1907,	1
@fenwaysteve,	1
@ferbawlz,	1
@fern_60,	1
@fff_europe,	1
@fgeerdink,	1
@fieldofgreeninc,	1
@figuregirl774,	1
@filipempimentel,	1
@filmprojects,	2
@firstpost,	1
@fishyfish67,	9
@fitay59,	1
@fixedintime,	1
@fkigom,	2
@fknsavages27,	3
@flatearthohio,	1
@flightmedicems,	4
@floofdragongirl,	1
@foggiedew,	1
@foodandwater,	1
@footofwrath,	10
@forbes_sandra,	1
@fordnation",	1
@fordnation,	10
@forestservice,	1
@forevershallon,	1
@fossiltreaty,	1
@fountgallery,	1
@fox12oregon,	2
@foxdoom71",	1
@foxdoom71,	5
@francescsr,	1
@frankie_fatal,	1
@frankstero,	1
@fred_rulz,	1
@freddie07068768,	10
@freedomactradio,	1
@freewinds87,	1
@fresechino,	1
@fs3indy,	1
@ft_content,	1
@future_greener,	1
@fwe1991,	1
@gamer_moustache,	1
@gamerdeesquerda,	1
@ganjarpranowo,	1
@garbage,	2
@garyblack00,	1
@garysolomons,	1
@gavinmorris9nbn,	2
@gdemaneuf,	1
@gdesigns64,	1
@gdubya09,	1
@genderrepenter,	1
@general_ben,	1
@geoffmcfarlan,	1
@geometric,	1
@geraldpayne25,	2
@ghoppe,	4
@ghost321,	4
@ghostofsmitty,	2
@gigyjoes,	1
@gil0607,	1
@gimmeabreak8,	1
@gimmesomeloki,	4
@girImuse,	1
@girl_pilled,	4
@giulio_mattioli,	1
@gkbakies,	1
@glennfreyaz,	1
@glinch72,	12
@globalnews,	1
@glutenhatesally,	1
@glynmoody,	1
@gmarshall1965,	1
@gmbutts,	1
@gobuxgal,	1
@godlywomanhood,	1
@godoftime7980,	1
@gofosu_,	1
@goggleman21,	1
@gojoe_joe,	2
@goldengateblond,	1
@graceodonne11,	1
@grahamctv,	1
@grailedscammr,	1
@grasstik,	1
@greatgatsby8790,	1
@greennomad61,	1
@greenpeacefr,	1
@greenpeaceusa,	1
@greg_blee,	1
@grolaw,	1
@gromsoc,	1
@groove_sdc,	1
@grumpyfukka,	1
@gstrandberg1,	12
@gteasts,	2
@guesswhosedging,	1
@gui_heringer,	1
@gullf__,	2
@gunsnrosesgirl3,	1
@gus_ravi,	1
@gutgremlins,	1
@gyro727,	1
@gzeromedia,	2
@h3h3productions,	2
@ha14asa,	1
@haaretzcom,	1
@haha_daisy,	1
@hall_cale,	1
@hallin_swine,	1
@halvarflake,	1
@hanlinnie97,	1
@hannover_messe,	1
@hansi3491,	1
@happycrazytown,	1
@hardcorebasics,	1
@haroguy613,	1
@harrinluke,	1
@hausfath,	4
@heidiEC5,	1
@heinz_spack,	1
@hendocarbon,	1
@henny_fanclub,	1
@henputra13,	1
@herminshs,	1
@hesanaughtyboy,	5
@hiddenscotland_,	1
@hilliatfields,	1
@himantabiswa,	6
@hinagendrabandi",	1
@hindmarshisking,	1
@hismajestyjoe,	1
@hmtreasury,	1
@hodgetwins,	1
@hollowaymartin,	1
@homelessimpact,	1
@hoochhowe,	1
@hoothathuh,	4
@hotbitchexpress,	1
@howarth_cornell,	1
@howemill,	1
@howienudet,	3
@hrrysgreysuit,	1
@hrt6017,	3
@htdelhi,	1
@hubert_wes,	1
@hughjarse5,	14
@humancomedian,	2
@humeanskeptic76,	2
@hwinkler4real,	1
@hydroottawa,	5
@hytheskeptik,	1
@hz_udhr,	1
@iClevercat,	1
@iSmashFizzle,	1
@i_am_joli_anne,	4
@iamJasonGriff,	1
@iamjourjean,	1
@iamspivey,	1
@ianbremmer,	1
@ianbrow97534170,	9
@iangoldmansa,	1
@ianrowley677,	15
@ic_lib,	4
@icshydrogen,	1
@ifawAU,	2
@ignis_fatum,	1
@iiiiii_x_iiiiii,	2
@ilanacubana,	15
@imbalaska,	3
@imcutterbutter,	1
@impeachqueen,	2
@impinkestgirl,	2
@imsuresteve,	4
@incredibleindia,	1
@indri_4biking,	1
@indyrikki,	1
@infinitegest,	14
@inforum,	1
@inok2014,	1
@insane_voice,	31
@insiliconot,	1
@inspiration4x,	1
@instinctnaturel,	1
@interplanetary,	1
@intrel16,	1
@iridium21_,	1
@is_contagious,	1
@isaac32767",	1
@isaacman_,	1
@isexton,	1
@ishprobirthsays,	1
@ispclimate,	1
@isthisnetaken,	2
@isthtmus,	2
@itisjustmebabe,	4
@itsJeffTiedrich,	1
@itsKimberlyWTF,	1
@itsalongwayhome,	1
@itzxnaomiii,	1
@iusetoknowthat,	1
@ivan007,	1
@ivan_martineau,	1
@iwilloseHK,	1
@izmks16,	1
@j_g_allen,	1
@jaarete1,	1
@jacannica,	1
@jack,	2
@jackiegirrl2,	1
@jacktrafalgar1,	1
@jacobat,	1
@jacynang_,	1
@jader13254,	1
@jairamthakurbjp,	1
@jaj991,	1
@jambamthnkyadan,	1
@james__jenko,	1
@jameskarst,	2
@jameson_daniels,	1
@jamfan40,	1
@jamminjamie74,	1
@jana_puglierin,	1
@janbear105,	1
@jane2465,	1
@janet_cutts1,	1
@janusPrime,	4
@jarvinenhyype,	1
@jason_corcoran,	1
@jasonselvig,	1
@jayblackisfunny,	1
@jbizzy6969,	3
@jbloom_lab,	1
@jbonbon91,	13
@jbouie,	1
@jcperales,	1
@jdd2169,	1
@jeeyonshim,	1
@jeff_atl,	3
@jeff_swarens,	1
@jeffbenach,	1
@jeffburdges,	1
@jeffschlueter1,	4
@jefftonna1,	4
@jellen805,	1
@jennmelb,	1
@jenospeno,	1
@jenresisted,	1
@jerbear714,	1
@jesse_kleine,	1
@jessefreeston,	1
@jessicacadams,	2
@jessicawluther,	1
@jgordon5,	1
@jgorman2424,	17
@jihadwatchRS,	1
@jillkeene20,	1
@jimaw63,	3
@jimdtweet,	17
@jimfarley98,	1
@jimmpowell,	1
@jisoosongwriter,	1
@jjk_loved,	1
@jk_rowling,	1
@jkenney,	2
@jkssbofficial,	1
@jmaxwell319,	1
@jmbenson1491,	1
@jmcrookston,	1
@jmil400,	2
@jn13ell,	1
@joannaallhands,	1
@joedieseldodge,	3
@joeduggan1,	1
@joerogan,	5
@joetheatheistp,	3
@john003,	1
@john07014099,	1
@john_giovanni_,	1
@johnlegend,	1
@johnnyclark70,	3
@johnnysaz77,	1
@johnpavlovitz,	1
@johnson_wrjohn1,	14
@join2manish,	1
@jollyturnip,	3
@jonasbrothers,	2
@joncoopertweets,	2
@jonfavs,	1
@jonrosenberg,	1
@jonwaldron,	1
@jools6691,	2
@jordanbpeterson,	1
@josiestone88,	1
@joub53,	1
@jpgcrowley,	1
@jpmorgan,	1
@jpr007,	4
@jrc1921,	1
@jreineron7,	1
@jruthkelly,	1
@jryboi,	1
@jsspcr1,	1
@jtveten,	2
@judiadg,	1
@julesnewaddy,	1
@julia529,	1
@juliahjohan,	1
@juliashiplett,	1
@justagoose121,	2
@justinbaragona,	1
@justysiunia,	1
@jwickers,	1
@k24_Kurmanci,	1
@k9kayaks,	1
@kabelodick,	1
@kailaswild,	2
@kalebweatherman,	1
@kaptaincrunk74,	1
@karol,	2
@karriehiggins,	1
@karunchandhok,	1
@karygami,	1
@katelamble,	1
@katerina_brv,	1
@kath2cats,	2
@kbo1978,	1
@kcgetaway7,	2
@kchernecky,	1
@kcz100,	1
@kdangdrafts,	1
@keith_ng,	1
@keithamccluskey,	13
@kelleyjsparks,	5
@kenklippenstein,	1
@kennethwoods,	1
@kenny35391,	1
@kentphotos,	1
@keriRN,	2
@kester_lowers,	1
@kevinault,	2
@kevingibbs47,	4
@kevinmuir,	1
@kevpluck,	2
@khaptain4real,	1
@khimmelfarts,	1
@kidicalmassINV,	1
@kiley_holliday,	1
@kim_because,	4
@kim_jarkrazykim,	1
@kimbetech,	2
@kingbdogz,	2
@kinjeketile,	1
@kirawontmiss,	1
@kittyhundal,	1
@kjhealy,	2
@kkarcioglu,	1
@klralms,	1
@kmx1974,	2
@kodkod87,	1
@kokam_,	1
@komonews,	3
@konstructivizm,	1
@korymorris7,	1
@koryodynasty,	1
@krdebaughn,	1
@kriedemaker,	1
@kristi_bleurose,	1
@kristyshl,	1
@krosenlund_com,	1
@ksorbs,	1
@kuunyie,	1
@kwtfromnola,	1
@kylegriffin1,	1
@kylenabecker,	1
@kylesapia6,	1
@kyleumlang,	1
@ladycookiebeski,	3
@ladyspat1,	2
@laiba_offical,	1
@lakecountydem,	1
@lambforsenate22,	1
@lapatina_,	1
@lastpositivist,	2
@latimeralder,	2
@latimesopinion,	1
@latsot,	1
@laurahillis,	1
@lauralouu30,	1
@laurenboebert,	3
@laurenresister,	1
@laurieinri,	1
@laurimyllyvirta,	1
@lawindsor!,	1
@lazlowoodbine42,	6
@lazylionpaws,	1
@lcslka_love,	1
@ldog562,	2
@le_correcteur4,	1
@leadlagreport,	1
@leakylike,	1
@lecyberflaneur,	2
@lee_yaron,	1
@leepfwd,	1
@leezeldin,	1
@lembitopik,	1
@leriwanka,	1
@leslea61,	1
@lesleys20,	2
@levinepmc,	1
@lewisbron,	2
@lexfridman,	7
@lherealchieff,	1
@liamalone69,	1
@liberal_party,	1
@libsoftiktok,	3
@lifewithsommer,	2
@limadeltamike,	1
@line_scalioni,	1
@liteng19970415,	1
@livingroom2020,	1
@lizwathuti,	1
@lizzieshore,	1
@lmaoxdlol0,	1
@lnmateTrump2022,	1
@lockemupjoe1887,	1
@lolSafeSpace,	1
@longhornhippo,	1
@lordnifty,	1
@lorna_h1,	1
@lornaslater,	2
@lostandlovinit,	3
@losthopelessly,	1
@lovethegarden,	1
@lpc,	1
@lpfproject,	1
@luckiiyu7,	1
@lucylocket1700,	1
@luineco,	1
@lukeXC2002,	3
@luke_chaney4,	1
@lukewyman1,	1
@lunahodler_ust,	2
@lyind4ce,	3
@m0ptp,	1
@m_mouse21,	1
@macsween_prue,	1
@madvixen83,	1
@maggielet,	1
@mahimahi715,	1
@majcry,	1
@majema007,	1
@makrishna,	1
@malo_j,	4
@malthusian_trap,	1
@mamanina736,	1
@manipur_cmo,	1
@mansukhmandviya,	1
@maqart55,	4
@marceldirsus,	1
@marco75195385,	1
@marctarabella,	1
@mariabasantaa,	1
@marianne_born,	1
@markcojuangco,	4
@marknew33597947,	1
@markosib,	1
@markp1950,	10
@markwh2001,	1
@marpita567,	1
@marykaybaldino,	3
@marynlm,	1
@masterofoneinc1,	1
@maternity_week,	2
@mathieuvdpoel,	1
@maths180,	1
@matteroffacttv,	1
@mattgaetz,	2
@matthew_d_green,	1
@matthewesp,	1
@mattjcan,	2
@mattwridley,	1
@mattxiv,	1
@mattyglesias,	1
@mauialert,	2
@maybe_dan_,	1
@mayemusk,	1
@mazambakar,	1
@mberembere,	1
@mcdonald,	1
@mcfunny,	6
@mcuban,	1
@mdfc2012,	1
@meddy52,	1
@meganbang3,	1
@meganranney,	1
@mehdirhasan,	1
@meknowhu,	2
@melJsaysso,	1
@merohittsaxena,	1
@metromorning,	1
@mflalonde,	1
@michaelbhaskar,	2
@michaelbradleye,	1
@michaelianblack,	2
@michaeljknowles,	1
@michaelmalice,	1
@michele_161826,	1
@michele_mattea,	1
@michellmybell1,	2
@micsolana,	4
@midwesternexile,	1
@mifi_https,	1
@mike10010100,	1
@mike_hammerbeck,	1
@mike_maric,	10
@mikeparry8,	1
@mikereds19,	1
@mikohoIic,	1
@milblr,	1
@mirandaisrisen,	4
@mishacollins,	1
@mishayyyy,	1
@misreadbible,	1
@missskinnypinny,	1
@mister_bobo,	1
@mjdacua,	1
@mkvaalst,	1
@mmealling,	1
@mmitrucker4,	1
@mmodiba10,	1
@mnyomb1,	2
@modernTman,	1
@mogrant61,	1
@mollylambert,	1
@mollymcghee,	1
@momresist,	1
@monaghanroad,	1
@moonrakin,	4
@moorbounder69,	1
@moore_jarron,	1
@moriartydg,	2
@morningireland,	1
@morris_vu,	1
@motchijerriais,	1
@mothbreeze,	2
@mousiekst,	1
@mpc_xetts,	3
@mpsmithnews,	1
@mrEmTee,	1
@mremae,	1
@mrgrizbear1,	1
@mrjamesob,	1
@mrmadrigal1,	1
@mrsorokaa,	1
@ms_bubble,	2
@mshackw,	1
@msisodia,	1
@mtbjimi,	1
@muhryniuk,	1
@mulletrider,	1
@munderw341,	1
@murphyslaw1987,	1
@mustafa_naeem_7,	4
@najjar_richard,	4
@namgistory,	1
@narendramodi",	1
@narendramodi,	4
@nasdaily,	1
@nasty_woman2,	1
@natalieben,	1
@natemook,	1
@nathaliejacoby1,	2
@nathmorris,	1
@natuzukimi,	1
@naughtmai,	1
@navalny,	1
@navikakumar,	1
@nbcwashington,	1
@ncdave4life,	15
@ne0ica,	1
@nearlyasinner,	1
@nellslad,	2
@nemesis_online,	1
@nemityfww,	1
@netzbrummen,	1
@newlinesmag,	1
@newscientist,	1
@newscomauHQ,	14
@newsmax,	1
@nexta_tv,	1
@nglnbl_art,	1
@nic__carter,	1
@nick_advice,	10
@nick_m_parker,	1
@nick_ts,	1
@nickgillespie,	1
@nickhedley,	1
@nickschifrin,	1
@nickycjones,	1
@nikneJRednaxela,	1
@nishantcm,	1
@nite_moogle,	1
@nitros1954,	3
@njbtweet,	15
@nntaleb,	1
@nnworcester,	1
@no2wind,	1
@noahdonotcare,	2
@noemannoeman,	1
@nogo_1965,	3
@nokiangeI,	1
@nolanolegal,	1
@nopastrecords,	1
@noplaceforsheep,	1
@normaogolla,	1
@notPiddle,	1
@notcapnamerica,	1
@noticedthis1,	1
@notlamia,	1
@notnoahanymore,	1
@noveltyforge,	1
@noxiflex,	1
@noxiloveschichi,	1
@nra,	1
@nuawoman,	1
@nukebarbarian,	2
@nvangelder03,	4
@nvelectreform,	1
@nviolets49,	1
@nypost,	3
@nytimes,	5
@nytopinion",	1
@nzherald,	1
@oXxRowanxXo,	1
@oakden_wolf,	18
@occupymars42069,	1
@odktiger,	3
@offender_repeat,	1
@ofgem,	1
@ojijiUFO,	1
@oladipomuhammad,	1
@old_soul_2,	1
@oldtoolhound,	2
@olewin,	1
@oloverink,	1
@olystubbies44,	1
@omahas,	1
@omarali50,	1
@omermeroz,	1
@on_agfax,	1
@oneandonlybjg,	1
@oohglobbits5,	1
@opensea,	1
@orangulandtrust,	1
@oresik_justin,	2
@oryxspioenkop,	2
@othercheek10,	1
@ottawacity,	2
@our_MoH,	1
@outsanest,	1
@p3driver,	2
@paleofuture,	1
@pan_dejo_,	1
@paramaniac9,	2
@parents4future,	2
@parents4futureG,	1
@parismarx,	1
@pasival07,	1
@past_is_future,	1
@patbhamilton,	1
@patgagnon_75,	1
@patricia_millin,	2
@patriot_1776US,	1
@patriottakes,	2
@patteealan1,	1
@pattonoswalt,	1
@paul43471534,	1
@pauladamsalber1,	14
@paulfawcett2013,	2
@paulg,	2
@pauljholmes,	1
@paullewismoney,	1
@paullywally1973,	1
@paulmurphy_TD,	1
@paulp1232,	8
@pazsalamshaanti,	1
@pbo1379,	1
@peegrizz69,	1
@peg_sw,	1
@peirslouise,	1
@penelopeliersch,	1
@penguinplatform,	2
@penguinrandom,	6
@peter_migali,	1
@peterktodd,	1
@peterstlc,	1
@petroce4,	1
@phaltho,	1
@phillicini,	1
@philrosenn,	6
@philstarlife,	1
@physorg_com,	1
@piate_the,	1
@picabo2icu,	1
@piersmitchem,	1
@pip_reaper,	1
@pissinoffmym8s,	1
@pixelDahn,	1
@pjb438,	2
@plalor,	1
@platypusadmirer,	1
@pledis_17,	2
@plimouthoutwest,	1
@plindseyusa,	10
@plittmoden,	1
@pmagn,	2
@polanskydj,	2
@polimatt1,	1
@politicalwilli,	1
@politicsfisher,	1
@politiolyc,	2
@pollyanna_view,	1
@poltergeist8319,	1
@pompg,	1
@pompili_amanda,	2
@poopantsbiden,	1
@poppij,	2
@porpendejaa,	1
@porridgeisgood,	1
@postmuskera,	1
@poutyrin,	1
@practicalLJT,	2
@prageru,	2
@pray2pesci,	1
@princehdb,	1
@priscian,	26
@priyankagandhi,	1
@prmfoto,	1
@proabortcomrade,	1
@prokop_patricia,	1
@propreportdaily,	1
@provaxtexan,	6
@puneetiitm,	1
@purcelld,	1
@pureroll11,	1
@purplcorpsman,	1
@pwafork,	2
@pygmyrabbitgirl,	1
@qatarairways,	1
@qatarairwaysar,	1
@qewperp,	1
@qtfroppy,	1
@quackar8,	2
@quesnel_john,	3
@quieroserabuela,	1
@quietlyaway,	1
@quigley_jesse,	4
@racheline_m,	1
@rachjuramirez,	1
@radienz1,	1
@radiodaljir,	1
@radleybalko,	1
@rainyshore,	1
@ramalokot,	1
@ramana_brf,	1
@ranaltboo,	1
@ranbooart,	1
@randolf828,	1
@ranojpeguassam",	1
@ranojpeguassam,	2
@raosnaps,	1
@raouldukeerik,	2
@ratman720,	2
@rawoods24,	1
@raywhitesa,	1
@razibkhan,	1
@rchandler312,	1
@rcubed17,	4
@reactiveIntent,	2
@realJoeDick,	2
@realTuckFrumper,	1
@real_lord_miles,	1
@realkylekey,	1
@realshocks,	2
@rebelvanhalen,	3
@reddzz1,	1
@redmptions,	1
@redruby17,	1
@redshirt990,	1
@redsteeze,	2
@reedgalen,	1
@reideltj,	1
@relctntidealist,	1
@renedeyoung,	1
@renew_economy,	1
@replouiegohmert,	1
@resistasistah,	1
@resolutemex,	1
@revolvingdoorDC,	1
@rewegreatyet,	1
@rextalman,	1
@rfeynmansBongos,	13
@rguezcheca,	1
@rhadebeliihle,	1
@rholftroy,	1
@rhosking252,	3
@richard01491824,	1
@richdfrost,	2
@richwal94842899,	3
@richykirsh,	2
@rickygervais,	3
@rigormorp,	1
@riktheozfrog,	2
@ringsofcaturn,	1
@risemelbourne,	1
@rishibagree,	1
@riskparty63,	10
@riv39525750,	1
@river_is_nice,	1
@rjbarfield1,	1
@rkdoctr,	4
@rln_nelson,	12
@roadto2022,	1
@robbystarbuck,	2
@robertmdaws,	1
@robertodigital_,	1
@robhon_,	15
@robinmalu,	1
@robmanuel,	1
@robwade91225,	1
@rochellehd,	1
@rocket_xp,	5
@roger_clague,	1
@rogermarksmen,	4
@rolphpayet,	1
@ronyj16,	1
@roomsfornature,	1
@rottenbanana101,	1
@rozenwill,	1
@rpini,	1
@rse.,	1
@rsosa8,	1
@rtItBot,	1
@rtenews,	1
@rthiel1096,	1
@rtinfow,	1
@rubiginosa,	1
@rubyxnostalgia,	1
@rugby_ap,	1
@runner_luiss,	1
@rwclimate,	2
@ryangrim,	2
@ryder_ripps,	1
@s9lzYDFciWTKPgR,	1
@sabudovi,	1
@sagezza2,	1
@saifedean,	4
@sallybaba366,	1
@sam_ducks,	1
@samanthamaiden,	1
@sambitswaraj,	2
@sammy4723,	1
@sandra_9224,	1
@sandra_kisling,	1
@sandyhook,	1
@sapinker,	2
@saplingsNFT",	1
@savenijgadh,	1
@saveoldgrowth,	1
@say3timesover,	1
@saylahachey,	1
@sbisson,	1
@sboase888,	1
@scaryscarylarry,	1
@schmooey,	1
@scientificecon,	1
@scientist_for,	1
@scifibird,	1
@scmom13,	1
@scordk,	1
@scottallen523,	1
@scottschell7,	1
@scrowder,	5
@scruten_eyes,	1
@sdbaral,	1
@sdg_finance,	1
@sdharv19,	1
@seamus_reid,	1
@seanhannity,	1
@seannyb1,	1
@seaplaneguy,	1
@sebastianbach,	1
@seculardefence,	1
@selfmadekeo,	1
@senatorjen,	1
@sendel86,	1
@seokjinlandddd,	1
@sephex1982,	2
@sewistwrites,	1
@sfchronicle,	1
@sfgov,	1
@shadesofoffside,	1
@shannonrwatts,	1
@sheriffofknokem,	1
@shicks_sam,	1
@shines1205,	1
@shockermandan,	1
@shola_293,	5
@shorcakez,	1
@shravaka,	1
@sickhoe696,	1
@sierraeyesalone,	1
@simonahac,	2
@simoncoveney,	1
@sinz54,	2
@sirbazx,	1
@sirmee_dj,	1
@skamaraj32,	1
@skdh,	1
@skepticalprune,	2
@skinnylilbih,	1
@skydashh,	1
@slemar_,	4
@slvppy,	1
@smackovsky,	1
@smarzeli,	2
@smcfinch,	1
@smug2bme,	1
@snaprep,	1
@snarkyRedhd,	1
@soaringkitty,	1
@sofs_reis,	1
@solidsignal,	2
@someonelizz,	1
@somewherein84,	1
@soniasodha,	1
@sophiadahl1,	1
@sophie_frm_mars,	1
@sophielouisecc,	2
@soth1sol,	1
@soumaya_keynes,	1
@southgate_penny,	1
@southpawadam,	1
@southpawgram,	2
@souvenirstoress,	1
@spacenerd19,	1
@spanish_wl,	1
@spanna65,	1
@sparkette123,	1
@spctrsofcolaps,	2
@spittinchiclets,	1
@spoonsterboss1,	2
@sportbible,	1
@spot_462,	1
@squeakingmeow,	1
@sr_ekot,	1
@sschinke,	1
@starvetheTROLL,	1
@starvinretard,	1
@stats_feed,	12
@steinkobbe,	1
@steking823,	1
@stephenparrett,	1
@stephszn__,	1
@steve46166200,	1
@stevenmosher,	4
@steveschale,	1
@stewdean,	1
@stf_promotions,	1
@stoic_stoner,	1
@stretchmc,	1
@strictlyRhythm_,	1
@strikker_tm,	1
@stuart_lawless,	1
@stuffbusted,	1
@sue_ecampbell,	1
@suecrowther57,	1
@sueytonius,	5
@suffect,	1
@sugar1420,	2
@sullivanradio,	1
@sumedhbhagwat,	1
@sumuelahi,	1
@sundarpichai,	1
@sunlorrie,	1
@sunrisekidsnyc,	1
@surreyHEART,	1
@susantu65957371,	1
@suxelamai,	1
@swanblack404,	1
@swcrisis,	10
@swelenc,	1
@swells98226,	1
@swimminglaps,	1
@swinman1961,	1
@tRick_the_only,	3
@tahminahusband_,	1
@talkingkoala,	1
@tallnblonde1,	4
@tamcam_tv,	1
@tammy_cucuta,	1
@tan123,	4
@taraconnollyGW,	1
@tatbbfar,	1
@taylorda01,	1
@tblackTAB,	1
@tbone9070,	4
@tdh_de,	1
@tdzwilewski,	1
@teamcasten,	1
@tedcruz,	21
@tedcruz?,	2
@tene,	1
@tennysonsarah1,	1
@terossa20,	1
@terrier817,	1
@territhom4,	1
@teslaherbert,	1
@teslaownersSV,	13
@tessyursine,	1
@tetuben,	1
@texasvaquero1,	1
@textranquilo,	10
@th1rt3en_TM,	5
@thatonetubaman,	1
@thats_true,	1
@thatsnonsense,	1
@thatsnotmine125,	1
@thbasantasingh,	1
@theDVSMarcus,	4
@theJeremyVine,	1
@theMadridZone,	1
@theSNP,	1
@the_Z00B,	2
@the_bassmxn,	1
@the_damn_muteKi,	1
@the_nerd_skull,	1
@the_outraged,	1
@theashtonblaise,	1
@theawesomesale,	1
@thebiglong9,	1
@thebradfordfile,	1
@thecoastguy,	6
@thegrimbarian,	1
@thegrube,	2
@theheraldsun,	1
@thehill,	2
@theikonickay,	2
@theipaper,	1
@thekingoftimbs,	1
@thelondonboys47,	1
@themarketsniper,	1
@then_finally,	1
@theoctopusjones,	1
@thepxprogrammer,	1
@therealfitz_82,	1
@therecount,	1
@theserfstv,	1
@thesiriusreport,	1
@thewatc95717625,	1
@thewatchpod,	1
@thewelldressed1,	4
@thewildernes,	1
@thingsiwantlol,	1
@thinks_about_it,	3
@third_pole,	1
@thisismynameyup,	1
@thornhawthorne,	1
@thunderf00t,	1
@tia3tiara,	1
@tigdaily,	1
@tigresseleanor,	1
@tiltedgoof,	1
@timesofindia",	1
@timesofindia,	1
@timetravelart,	1
@timinator42,	1
@timkeeling,	1
@timoteo0167,	1
@tinyklaus,	1
@tishtoking,	1
@titMcGrit2,	1
@tjeffer35270772,	1
@tjohara2012,	1
@tk_the_kitsune,	2
@tm_kavanagh,	1
@tmelissen1219,	1
@tmj4,	1
@to4sho,	1
@to_the_flag,	3
@tokyochy,	1
@tom_sadeh,	1
@tombus06,	1
@tomkeene,	1
@tommygirl33,	1
@tommyinnit,	1
@tomtomtott,	1
@tony_oliver,	1
@tormntos,	2
@torpet002,	1
@toryboypierce,	2
@townhallcom,	2
@traceitback,	1
@trader7x,	1
@transradial,	1
@trappiningotham,	1
@treehuggersunny,	1
@trevorcando,	1
@trishstratuscom,	1
@truth_tesla,	1
@ttyEngland,	1
@tuckeredfucker,	1
@tukicarter,	1
@tuliharja,	1
@turfnet,	1
@tweetsudhan,	1
@twelvewineguy,	1
@twitone,	1
@twpuxbridge,	1
@tyrelle123,	1
@tzemingdynasty,	1
@ukwondering,	1
@umfpt,	2
@unicefchief,	1
@urbanjackattack,	1
@urbanmaxi,	1
@usamabroad,	1
@utliberal,	1
@v_jank,	1
@vaato5455,	2
@valendiva_zero,	1
@valentinawrld,	2
@vancemurphy,	3
@vanessa_vash,	2
@variegated2,	2
@varsha_venkat_,	1
@vault_code,	4
@vegaskev,	1
@ventishome,	1
@verycentrist,	1
@vet_101,	5
@vhdlrband,	2
@victorosimhen9,	1
@villanevermore,	1
@vinceandpen,	1
@vincentkangnow,	1
@vinniediego,	3
@vishaldholariya,	1
@viv_cooper,	1
@volpiranyas,	3
@vpuente,	1
@vtbirkenstock,	1
@vynnte,	1
@wagner_rob,	1
@wahlstedt007,	1
@waitbutwhy,	3
@waitforpolly,	1
@waitmanb,	1
@waltshaub,	1
@wanderer_bolton,	1
@waragoodwarfare,	1
@warden1003,	1
@washingtonpost,	4
@watercommongood,	1
@wattsupwiththat,	1
@weberj502,	9
@weezygate65,	1
@wef,	10
@wemoveEU,	1
@westaustralian,	1
@westerncaucus,	1
@whackamolio,	1
@whatsinitforme,	1
@whip4life,	1
@whitespermicide,	1
@whoyounotme4,	5
@wiguy45,	1
@wil_da_beast630,	1
@willchamplin,	1
@wille99,	12
@william90060824,	1
@willsworldview,	1
@wine1percent,	1
@winematcher,	1
@wineuncorkeduk,	1
@wingod,	1
@wisemanryder,	5
@witchyunsworth,	1
@wlbeeton,	14
@wmahoney5,	1
@wmarybeard,	1
@wochet1,	1
@wollnbergen,	1
@wordwhisperer,	1
@worldzonfire,	2
@wpcguy,	6
@wppressfreedom,	1
@wrong_speak,	1
@wtfbrowns,	1
@wxrisk,	2
@x3r0gxx,	1
@xhottestchicks,	1
@xkcd",	1
@xr_cambridge,	1
@xssfox,	1
@xxghostface420,	1
@yakisawyerr,	1
@yannick_dchrm,	1
@ydeigin,	1
@yesisworld,	1
@yestiseye,	1
@yhdistyminen,	1
@ymenken,	1
@yogesbhattarai,	1
@zalisteggall,	1
@zalphaprime,	1
@zappingzebra,	1
@zaynmalik,	1
@zazzybritches,	2
@zebub_b_l,	1
@zen_fren,	1
@zerohedge,	6
@zeynep,	1
@zinifax,	1
@zipthwung,	2
@zlfc1892,	1
@zlj517,	1
@zoo_bear,	1
@zubairabbasi,	1
@‚Ä¶",	1
