Column1	Column2
@elonmusk	145
@lukebryan	102
@JuliaHB1	91
@RishiSunak	90
@bbcquestiontime	61
@JustStop_Oil	55
"@maymayentrata07"""	44
@DavidLammy	39
@OzraeliAvi	34
@GretaThunberg	29
@TheThomasSowell	28
@POTUS	27
@Veritatem2021	27
@ejwwest	27
@MikeDel21893959	25
@MartinJBern	23
@NadineDorries	23
@Stephen90045069	23
@RealMikeDelta1	21
@aSinister	21
@njbtweet	21
@BarackObama	20
@Robin_Hagues	20
@FChecker76	19
@johnestevens	19
@COP27P	18
@GBNEWS	18
@ClimateHuman	17
@tomhfh	17
@Michael_D_Crow	16
@IngersolRobert	15
@Kenneth72712993	15
@freddie07068768	15
@CalltoActivism	14
@GeraldKutney	14
@Gladfly1	14
@KeillerDon	13
@NoelTurner194	13
@TalkTV	13
@dwallacewells	13
@johnson_wrjohn1	13
@priscian	13
@BubbasRanch	12
@ChrisBBacon3	12
@Climatehope2	12
@DeborahMeaden	12
@GaryLineker	12
@GovRonDeSantis	12
@MrMatthewTodd	12
@Opportu727272	12
@RoadknightThe	12
@SeekerTheGreat1	12
@wlbeeton	12
@ALefty123	11
@Alfred_StatesX	11
@Andrewemcameron	11
@BarbaraGirouard	11
@Barbarajdurkin	11
@BradSchrag	11
@CarrudoDon	11
@CrispyCX	11
@FoxNews	11
@FredHikes	11
@GlennCarr6	11
@Heatherjaney1	11
@Jagster20548365	11
@JoeBiden	11
@Moderna5G_666	11
@NewNormality20	11
@SZOMB	11
@Skrued1	11
@SumErgoMonstro	11
@TheDisproof	11
@Timcast	11
@WayneAllanH	11
@aaa21usa	11
@cbeckj	11
@dphitzer	11
@keithamccluskey	11
@markinkorea	11
@mugger124	11
@organicdot	11
@ponycar06	11
@prageru	11
@rln_nelson	11
@robhon_	11
@sophiadahl1	11
@starkicus	11
@variegated2	11
@yeg_sewer_rat	11
@AlexVickeryHowe	10
@AndryGiles	10
@BBfanning	10
@B_Bolshevik100	10
@BarnhartDooie	10
@BernaB_2013	10
@CathSomie	10
@CstmrDisservice	10
@DanCady	10
@DawnTJ90	10
@DocSnow1	10
@ECOWARRIORSS	10
@Ecotainment_YT	10
@GodBlessElon	10
@JackJsherebkin	10
@JohannesTuyl	10
@Narvuntien	10
@RonDeSantisFL	10
@ScotNational	10
@ShaMikaWhoSeeks	10
@Spencerfletch0	10
@Tate45807585	10
@UNEP	10
@USNA_73	10
@Wallisbadgerson	10
@ZombiePiano	10
@benmooreau	10
@goingglocal	10
@hannahsrudd	10
@insane_voice	10
@jimdtweet	10
@jpgcrowley	10
@mac_an_ghoill	10
@mpc_xetts	10
@nytimes	10
@peblackstock	10
@quieroserabuela	10
@realJohnJHoward	10
@shicks_sam	10
@shmignastoboto1	10
@talipes	10
@tan123	10
@AreYouDerp	9
@BJChippindale	9
@BenjaminYumi8	9
@Bos77	9
@BrianTu85458331	9
@CNN	9
@ClimateSkeptic4	9
@Climate_Takes	9
@Convict025	9
@DanStojic	9
@Dominiquetaegon	9
@DrMohammadIAdi1	9
@EDavidAn	9
@EcoSenseNow	9
@EdBohman	9
@Genterline	9
@GordonDHG_clim8	9
@HiFiWhiPhi	9
@JJJungleJim	9
@JunkScience	9
@KamalaHarris	9
@LesJohnsonHrvat	9
@MedBennett	9
@MhehedZherting	9
@Mike8Wallace	9
@OutrageOptimism	9
@PDemichel	9
@Phil_Lewis_	9
@PorchProgram	9
@RHMcK1	9
@RStabb26	9
@RandolphDoGood1	9
@Rob_Kimbell	9
@Robert76907841	9
@SoCalBohoGal	9
@TheGr3atReset	9
@Twitter	9
@WHUT	9
@WomanWhoHasAll	9
@aDissentient	9
@bmay	9
@canncr	9
@coug62	9
@darrengrimes_	9
@drochir_thonnuk	9
@j70def	9
@jbonbon91	9
@jwickers	9
@nathaliejacoby1	9
@outsanest	9
@ozzorro1	9
@rpini	9
@timoteo0167	9
@ACTBrigitte	8
@BointonGiles	8
@BronxBombers79	8
@Ed_Miliband	8
@JackPosobiec	8
@Jacob_Rees_Mogg	8
@JoJoFromJerz	8
@JustinTrudeau	8
@MorseBart	8
@NervousNeander1	8
@PierrePoilievre	8
@benshapiro	8
@hodgetwins	8
@jessicaelgot	8
@lynzb_FJB	8
@suffect	8
@EricHolthaus	7
@LulaOficial	7
@Matt_Clough	7
@OrwellNGoode	7
@PeterSweden7	7
@ScottDuncanWX	7
@WMO	7
@XRebellionUK	7
@antonioguterres	7
@beverleyturner	7
@djwheeler07	7
@explosive_pengu	7
@glinch72	7
@johnredwood	7
@narendramodi	7
@othercheek10	7
@toadmeister	7
@zalisteggall	7
@Alex_on_A14	6
@CarolineLucas	6
@Ian_Fraser	6
@JR4_Truth	6
@MailOnline	6
@NASA	6
@PeterDClack	6
@ROLEX	6
@RepMTG	6
@ScientistRebel1	6
@SkyNews	6
@TheDemocrats	6
@UNFCCC	6
@VP	6
@catturd2	6
@climate_fact	6
@disclosetv	6
@fcmfcs2019	6
@latestinspace	6
@noturtlesoup17	6
@reacharoundu	6
@sequi_simon	6
@3GHtweets	5
@AOC	5
@Adrian7745	5
@AndrewLazarus4	5
@AngryFleas	5
@ArgyleBecky	5
@AspAlaAsnAsnTyr	5
@BernieSanders	5
@BernieSpofforth	5
@ChrisEv06631592	5
@ConsequentialBr	5
@CurfewX	5
@DanRather	5
@DashDobrofsky	5
@DineshDSouza	5
@EthonRaptor	5
@Fornowago	5
@GavinNewsom	5
@GreenRupertRead	5
@Grimnien	5
@HerschelWalker	5
@HupperichWerner	5
@JDCBurnhil	5
@JKelleyK	5
@JimBeam102	5
@JimeeLiberty	5
@JonathanHannah	5
@JujuliaGrace	5
@KStateTurk	5
@KariLake	5
@KathyHochul	5
@MagicOn33rd	5
@Marcusgibson	5
@MaureenStroud	5
@MetroUK	5
@MichaelEMann	5
@Monstercoyliar	5
@PCarterClimate	5
@Pete121Evans	5
@Pouldeau61	5
@ProfStrachan	5
@RNCResearch	5
@RogerHallamCS21	5
@RonJohnsonWI	5
@ShadowDroid616	5
@ShockTraumaRN	5
@SkepticalMutant	5
@TheDrJon	5
@The_Leaver	5
@Thskicksarefire	5
@TonyBaduy	5
@UN	5
@WHNSC	5
@WSJ	5
@WendyOrent	5
@barryjohnreid21	5
@dpcarrington	5
@hannahtpsky	5
@its10out	5
@jarbot15	5
@joncoopertweets	5
@jtmayes3	5
@krebiozen	5
@manicmode77	5
@mcfunny	5
@mchooyah	5
@newstranslate13	5
@nuhope2022	5
@ogilville1	5
@patwands	5
@pauladamsalber1	5
@petertherin4	5
@provaxtexan	5
@richykirsh	5
@robreiner	5
@sallylockwood	5
@secrettory12	5
@statsguyuk	5
@swedishchf	5
@tedcruz	5
@theweeflea	5
@tomsirolimus	5
@visegrad24	5
@1_TMF_	4
@2still_learning	4
@AgentP22	4
@AlexEpstein	4
@AndrewLarner	4
@AndyGJBurge	4
@Arron_banks	4
@AwakenWithJP	4
@AyoCaesar	4
@BBCNews	4
@BBCWorld	4
@BeatTheCult	4
@BlasphemousBan1	4
@BorisJohnson	4
@BradSwan18	4
@BrknMan	4
@C0RRECT1ON	4
@CCross1776	4
@CYPavilion	4
@CharlieCarlsbad	4
@Cherylmm21	4
@Chr1s_not_a_bot	4
@ClareAdams	4
@ClimateHiJinx	4
@DPJHodges	4
@DannyZimmer8	4
@Davidmetroland	4
@DrHenryMarsh	4
@ExpandingArctic	4
@ExtinctionR	4
@Flash_news_ua	4
@Fourcounties2	4
"@GOPLeader"""	4
@GeoffreyKeey	4
@GreyTash	4
@IanDJbrown2	4
@IanHugh07940666	4
@IdunsDaughter	4
@JPA_1	4
@JafSupO	4
@JamesMelville	4
@JimBowersclimb	4
@JoAmsel	4
@JohnKerry	4
@JohnPisulaMBA	4
@JoshShapiroPA	4
@JsharkJill	4
@KCTaz	4
@KaraJarina	4
@KyivIndependent	4
@LauraPhoenixLLC	4
@Lesbrexit	4
@LicypriyaK	4
@LofayPeter	4
@LorraineAllans1	4
@LuboTalks	4
@MSNBC	4
@MarkRuffalo	4
@MatthewStadlen	4
@MichaelVaughan	4
@MickTheebs	4
@MikeHudema	4
@MingleDandy	4
@NPR	4
@Nockit1	4
@OffGridTech_net	4
@RJDownard	4
@RadioColor	4
@Sasha67Oz	4
@SenTedCruz	4
@Shadowzerg	4
@ShellenbergerMD	4
@SitOnTheWheel	4
@SmallHotChilli	4
@Smith1882Smith	4
@SniemN	4
@SuellaBraverman	4
@TMZ	4
@TWTThisIsNow	4
@Tark4Real	4
@Tcaddy5	4
@Tesla	4
@Tom575935021	4
@TremmelSteve	4
@WernerReinhard5	4
@Zero_4	4
@brianbloop2	4
@chuzbucket	4
@cjtjgeol	4
@curryja	4
@enochrugby	4
@gillianlant	4
@guardian	4
@hashmufc	4
@ianbrow97534170	4
@johnstretch	4
@jordanbpeterson	4
@kevinault	4
@larryelder	4
@lavern_spicer	4
@man_painted	4
@markp1950	4
@mike_maric	4
@nellslad	4
@nick_advice	4
@ocschwar	4
@pawley_robert	4
@philamina95	4
@redwaz	4
@rfeynmansBongos	4
@scottstocker4	4
@teachertwit2	4
@ttyEngland	4
@weberj502	4
@zeetubes	4
@3YearLetterman	3
@60Minutes	3
@9NewsMelb	3
@ABCaustralia	3
@ADevotedYogi	3
@Achilles_1985	3
@AdamsArtist	3
@AlboMP	3
@AltheaNiblock	3
@Anvndarnamn5	3
@AussieDiamonds	3
@BarbaraHearn	3
@Barrtecforever	3
@BeeAHoney_	3
@BrugesGroup	3
@CEF_1914	3
@CallumEdwardsUK	3
@Camburnclimate	3
@ChrisGPackham	3
@CliffMass	3
@Cole44749821	3
@Cosmic_Engineer	3
@CromwellStuff	3
@CymaticWave	3
@DanielaNadj	3
@David11359148	3
@DefiyantlyFree	3
@DejonNoMustard	3
@DennisKoutoudis	3
@DilipShah_	3
@Duncan__Reece	3
@ElQuesoSabio	3
@Ellis_Greenwood	3
@EndT1Diabetes	3
@Enea_H	3
@ErinInTheMorn	3
@EssexPR	3
@FalconFlies22	3
@FearTheFloof	3
@Femi_Sorry	3
@FistsFaceBrace	3
@FriendsOScience	3
@FrostyTakes	3
@GOP	3
@GalacticGon	3
@GeorgeMonbiot	3
@GillesnFio	3
@GreenpeaceUK	3
@HarrisSamaras	3
@HartvNL	3
@HenricCont	3
@Hougrel_	3
@IanJaegerNPC	3
@ItsTheAtmospher	3
@JLopean	3
@JadedJourney	3
@JaggerMickOZ	3
@JayInslee	3
@JayLeePatterson	3
@JebBush	3
@Jo_HNGalt	3
@JudicialWatch	3
@KamVTV	3
@KathyMcKayNB	3
@Keir_Starmer	3
@KetanJ0	3
@KevinClimate	3
@KimDriver11	3
@KremlinRussia_E	3
@LanceForman	3
@LarryMadowo	3
@LauraRadgirl13	3
@LiamThorpECHO	3
@LisaMarOz	3
@LouisvilleGun	3
@MarkLevineNYC	3
@MartinDn1001	3
@MaryVogwell	3
@Matt_GS	3
@MickTamas	3
@MtShastaWriter	3
@NC798322	3
@NaomiLWood	3
@NetZeroWatch	3
@NikolovScience	3
@OrionActual	3
@PGDynes	3
@ParkersPlaster1	3
@Parody_PM	3
@Patrickohennes4	3
@PattyUK2000	3
@PaulMaric	3
@PeacefulContent	3
@PerKurowski	3
@PhilArmstrong58	3
@PolAnimalAus	3
@PrisonPlanet	3
@ProfPCDoherty	3
@QE4_Countdown	3
@RawSunlight	3
@RealCandaceO	3
@RedOnWight	3
@Reuters	3
@RickeyH64219156	3
"@RishiSunak"""	3
@RobinHood1367	3
@Royalacresrod	3
@Rsquared2112	3
@RushhourP	3
@ShaneJa16905901	3
@ShaytanTruth	3
@SkyNewsBreak	3
@SpaceborneMedic	3
@SpeakerPelosi	3
@SteveMi88021428	3
@SundeepRai94	3
@SvarfvarSea	3
@SwearingForex	3
@TIMGOLDFINCH	3
@TacticalStNick	3
@Telegraph	3
@Terrenc48024603	3
@TheGreenParty	3
@ThisCharminManc	3
@ToddHagopian	3
@Tokyo_Tom	3
@TravisH76665695	3
@UKLabour	3
@WatchMoron	3
@WeRone777	3
@WeirdChristianM	3
@WilliamsRuto	3
@WoolyPhil	3
@XXL	3
@YonGoicoechea	3
@ZenfinityDesign	3
@_HenryBolton	3
@acgrayling	3
@algore	3
@ammocrypta	3
@andrewtytko	3
@arabin_patson	3
@arthur_eckart	3
@awright_1983	3
@bachinski_d	3
@badmoonrising11	3
@bjames280961	3
@bonnieupright	3
@buckingfankers	3
@business	3
@cameraZoe	3
@cflav	3
@cg_evie	3
@channelstv	3
@chiswick_flo	3
@citizentvkenya	3
@cm1183	3
@davenewworld_2	3
@davidhogg111	3
@davidoconnell46	3
@diothedoge	3
@doritmi	3
@drsparwaga	3
@dunvirkin	3
@dvibrationz	3
@ellecam7	3
@elmarveerman	3
@endelstamberg	3
@fasc1nate	3
@georgegalloway	3
@ggreenwald	3
@grantde	3
@guardianeco	3
@hausfath	3
@helgy2	3
@hullgrad	3
@hymage	3
@idclrWorldPeace	3
@imjoeylin	3
@itsJeffTiedrich	3
@janineyve	3
@jbhearn	3
@jewdakis	3
@jonburkeUK	3
@jyurgealitis	3
@karithearc	3
@kdollsweety	3
@lapogus1	3
@livgriffith	3
@lovemylife81	3
@luffgraham89	3
@manhattanmixer	3
@meaniepants_iii	3
@mfa_russia	3
@mike_lucullus	3
@mildanalyst	3
@mrjamesob	3
@mzjacobson	3
@newsmax	3
@nypost	3
@ohfold	3
@opinion	3
@pajb49	3
@petercardwell	3
@plesnercph	3
@prodreamer1	3
@pureunfoldment1	3
@reggiedunlopno4	3
@rhosking252	3
@roberto_cojones	3
@runews	3
@scotchnutz	3
@seanhannity	3
@shuma0963	3
@sioneill	3
@snook_bite	3
@swcrisis	3
@thehill	3
@theresecoffey	3
@thetimes	3
@tim_del_avenida	3
@trainspeedhump	3
@trussliz	3
@unusual_whales	3
@vanessa_vash	3
@visitvictoria	3
@w_terrence	3
@wizkidayo	3
@zaccy1996	3
@	2
@10DowningStreet	2
@3AW693	2
@5Tbewrong	2
@678Hank	2
@8BrianVogel4	2
@ABCRural	2
@ABSCBNNews	2
@AFreeQueen	2
@AJEnglish	2
@ALDC	2
@ANI	2
@AdamCoffeyNT	2
@AdamRutherford	2
@Aiannucci	2
@Ajohnso50141696	2
@Algore	2
@Amelia_Womack	2
@Amy_Siskind	2
@AndMedh	2
@AndrewSzava	2
@AngelaRayner	2
@AngusMacNeilSNP	2
@AnnMorr11086240	2
@AntonSavageShow	2
@AristotleMrs	2
@Arsenal	2
@AtomsksSanakan	2
@AtypicalOFS	2
@AuroriaTwittori	2
@Ayespyi	2
@B52Malmet	2
@BBCBreakfast	2
@BBCBreaking	2
@BBCJustinR	2
@BBCRosAtkins	2
@BBCSpringwatch	2
@BBetzzzzz	2
@BNightengale	2
@BconnectedJ	2
@BenKoby1911	2
@BetoORourke	2
@BigJoeBastardi	2
@BillGates	2
@BillNye	2
@Bishopoftyler	2
@BlackCa28867722	2
@BlackVotersMtr	2
@BonnyAussieLad	2
@Booshee76	2
@BostonGlobe	2
@BotmanSupreme	2
@BrianCatesRTNM	2
@BridgetPhetasy	2
@BudRespecter	2
@BylineTimes	2
@BypassMirkwood	2
@CBCNews	2
@CDMarshall7	2
@CRWestMI	2
@Caitlyn_Jenner	2
@CalvinE43701301	2
@CandaceCouter	2
@Caperloo5	2
@CaptDrimmie	2
@CastorinaTom	2
@Ceist8	2
@Chefben1983	2
@Chesschick01	2
@ChrisManuell	2
@Claesson_Kate	2
@ClareSail	2
@ClayTravis	2
@ClemW8	2
@ClownWorld_	2
@Comrade4568	2
@Conservatives	2
@CountryMusic	2
@CraigMcTaggart3	2
@CraigMurrayOrg	2
@CryptoMoonBoys2	2
@DEAcampaign	2
@DNC	2
@Daisybel110	2
@DanielAndrewsMP	2
@DarrenWoodward	2
@Data79504085	2
@Davejhes1950	2
@DavidDavisMP	2
@DavidMi86282357	2
@DavidShukman	2
@Deen716NY	2
@DefendAssange	2
@DenisDaly	2
@Devonian1342	2
@DoaneBarile	2
@DocDeezWhat	2
@DonnachadhMc	2
@DrEricReyes	2
@EDonoghueWriter	2
@EarthOne_13	2
@ElektraMadrigan	2
@ElsaWidding	2
@EndWokeness	2
@EricTNFL	2
@EricWil06256732	2
@EuOutta	2
@EveMichaels01	2
@FFFMAPA	2
@FOX10Phoenix	2
@FallanVV	2
@ForeignAffairs	2
@Fox_Claire	2
@Fridays4future	2
@GEJonathan	2
@GHGGuru	2
@GOPLeader	2
@Gazza41	2
@Georgie24601	2
@GhostAgent666	2
@Giselle__20	2
@GodandtheBear	2
@GovTimWalz	2
@Grady	2
@GrahamLKeegan	2
@GreenLibDems	2
@GreenPartyJack	2
@Greenpeace	2
@GreenpeaceCA	2
@GreyFoxRob	2
@HanrattyDave	2
@HeasmanPaul	2
@HelenJSlater	2
@Hemkunt_Fdn	2
@HikesTwo	2
@Hji45519156	2
@HouseGOP	2
@Hummenix	2
@ICC	2
@IEA	2
@IanSluggy40	2
@InRainbows182	2
@InsulateLove	2
@IntelCrab	2
@IrishUnity	2
@IsabelOakeshott	2
@JWalkerDread1	2
@JaapTitulaer	2
@Jackmorganator	2
@Jakegsm	2
@JamesCa70626795	2
@Jane_Samuels	2
@JewishWarrior13	2
@JimGleason13	2
@Joebiden	2
@JohnFetterman	2
@JohnRya13591294	2
@JohnWRees	2
@Jonathan_K_Cook	2
@Julie_NoNumbers	2
@JustThi30117912	2
@KATUNews	2
@KHayhoe	2
@KIRO7Seattle	2
@KSL5TV	2
@Kali_fissure	2
@Kandy5Ways	2
@KarinaT24	2
@KenRobbins	2
@Kenyans	2
@Kevin_Maguire	2
@KimDotcom	2
@KitchissippiEn1	2
"@LBC"""	2
@LBC	2
@LDB86823706	2
@LFC_LION	2
@LabLostHeHe	2
@LadyDetectives1	2
@LakotaMan1	2
@LanternFace	2
@Lauratobin1	2
@LeahGazan	2
@LeftBehindPoet	2
@LetsFaceItUK	2
@LibDems	2
@LindseyAGerman	2
@MJB24681	2
@MStanciu80	2
@MaggieL	2
@MaidenRoger	2
@MamieWhiteesq	2
@Marina_Sirtis	2
@Mark_A_Lunn	2
@MarshaBlackburn	2
@Martin020455	2
@MartinBrampton	2
@MartinDaubney	2
@MarvinRJeffcoat	2
@MattGertz	2
@MattStevns	2
@McGuinness_Lad	2
@Meta	2
@MikeWel61647760	2
@MikhailaFuller	2
@MirandaKuchera	2
@Miskogwanag	2
@MoatsTV	2
@Motivated_CEO	2
@Mrbankstips	2
@MumClimate	2
@Mupper41	2
@MurrayCampaign	2
@NamelessGhoulTX	2
@Neuro_Skeptic	2
@Never_Again2020	2
@NewforestStock	2
@News_8	2
@NichiMorton	2
@NickAgain8	2
@NilsMelzer	2
@NintendoUpd8s	2
@Nnattawin1	2
@Noahpinion	2
@NobaconEgbert	2
@Notmy_Nameson	2
@OccupyDemocrats	2
@OriginalGoalie	2
@POLITlCSUK	2
@PatriotVerity	2
@PaulBrown_UK	2
@PaulSibert	2
@PavlosPavlova	2
@PeterDutton_MP	2
@PeterObi	2
@Peterfgraham	2
@Pimpdaddyboi	2
@Pipspiper2	2
@PoliticsPollss	2
@Politics_Polls	2
@PopCrave	2
@ProGunOne1776	2
@ProfBillMcGuire	2
@RM167A2	2
@RMcgillss	2
@RachaelBott1	2
@Rasmussen_Poll	2
@RayyyychAgainra	2
@RealMarkFinchem	2
@RealWmGClark	2
@RepBoebert	2
@RepThomasMassie	2
@RescueLMC	2
@RexChapman	2
@Rhonda_Sentance	2
@RobSchneider	2
@Roblev0	2
@Rocky35418823	2
@RonnyJacksonTX	2
@SBakerMD	2
@S_D_Mannix	2
@SaleemulHuq	2
@SamanthaFoxy1	2
@SarahHager123	2
@SarahWraight	2
@SebGorka	2
@SecBlinken	2
@SecretaryPete	2
@SenatorHassan	2
@Setitstraight4	2
@SimeonBrownMP	2
@Socceroos	2
@Spaceboy01	2
@Spartengerm	2
@SpeakerAoc	2
@Speck1275	2
@SportsPrincess	2
@SriSri	2
@Stella_Assange	2
@StevenM68779196	2
@StevenRWilson72	2
@StewartButton	2
@Stiffler_UTB	2
@StopEACOPug	2
@SuperFoxyLoxy	2
@Swen_2017	2
@SydReflux	2
@TShadowKnow	2
@TVMohandasPai	2
@TechCentric_	2
@TerranceandPhi1	2
@TexasRedVet	2
@TheAtlantic	2
@TheBabylonBee	2
@TheChicoSuave1	2
@TheDailyShow	2
@TheFreds	2
@TheGameGod7	2
@TheLandomatic	2
@TheNewEuropean	2
@TheOlivr	2
@TheSnowDreamer	2
@TheUnrealPeterG	2
@ThisIsPaterson	2
@ThomasSirianni2	2
@TiceRichard	2
@TimRunsHisMouth	2
@Timothy30434590	2
@TommieStephsYO	2
@TorontoStar	2
@TransphobicLs	2
@TrefaultPaulina	2
@TribelSocial	2
@TuckerCarlson	2
@TulsiGabbard	2
@TyefiaM	2
@UE	2
@UNClimateSummit	2
@USAintheRGV	2
@USZack12	2
@UndercoverDane	2
@WRNTomBoy	2
@WallStreetSilv	2
@WhrooBoy	2
@Willard1951	2
@Willy1000	2
@WyomingBecky	2
@XRPNeverMined	2
@Xx17965797N	2
@Yes_AGW_Happens	2
@ZachJam56241676	2
@Zakirranga	2
@ZubyMusic	2
@_ladder_MD	2
@abughazalehkat	2
@adammueller52	2
@akipabalinas24	2
@alanmagee300	2
@alexberesfordTV	2
@alexbruesewitz	2
"@anjisalvacion"""	2
@anothercohen	2
@atRachelGilmore	2
@audpro1	2
@babyleo1990	2
@balls95652097	2
@bbclaurak	2
@bedform	2
@bennyjohnson	2
@bgood_850	2
@bill_dobell	2
@bobbyblue5	2
@bombaybadboy	2
@booboobluballs	2
@boris_backing	2
@briggs66_ken	2
@caitoz	2
@calvinrobinson	2
@campbellclaret	2
@cartercode7	2
@catbug012	2
@ccnc_hbcuaction	2
@chartdata	2
@colynsehys	2
@crikeyolson	2
@crystalclear314	2
@cspan	2
@daisydunnesci	2
@dan85895877	2
@dave43law	2
@davidlgutman	2
@dbongino	2
@doom37455413	2
@dwaynesworld	2
@ed_onoja	2
@edwinhayward	2
@ellymelly	2
"@elonmusk"""	2
@elonmusk.	2
@engineers_feed	2
@ethanjsacks	2
@euromove	2
@fischerfischy	2
@fkeyamo	2
@gasmeter111	2
@generalMike001	2
@geoffmcfarlan	2
@geostylegeo	2
@goonertobe	2
@grantshapps	2
@greg_jenner	2
@gstrandberg1	2
@hakaimagazine	2
@iealondon	2
@iluminatibot	2
@instablog9ja	2
@itisjustmebabe	2
@jason_howerton	2
@jazzsax1962	2
@jcaddelltweets	2
@jimmyfailla	2
@jimmykimmel	2
@jlounsbury59	2
@joerogan	2
@john4brexit	2
@jonlis1	2
@josephloveland1	2
@jrockstrom	2
@julesrn9483	2
@katgirlsc	2
@kennethGalla2	2
@kevinoler	2
@khurram53286356	2
@konidias	2
@kylegriffin1	2
@labourlewis	2
@latimes	2
@lavenlarose	2
@ldonald3791	2
@ledamalekina	2
@leezeldin	2
@leonardocarella	2
@lesstenny	2
@libdemlocalgov	2
@libdems4housing	2
@luisbaram	2
@lyssasphere	2
@manlyvibemark	2
@mariyyum	2
@markcurtis30	2
@martin_fetz	2
@martin_frasehog	2
@mattjcan	2
@mbossom22	2
@medialens	2
@metpoliceuk	2
@mhdksafa	2
@michaeljknowles	2
@mikeirons12	2
@mindedmusically	2
@morrellnufc	2
@mpo619	2
@mqhlay	2
@myldn	2
@mypalfootfoot7	2
@ncdave4life	2
@nearinfinitum	2
@newguymeltz	2
@nexta_tv	2
@officialvimarsh	2
@p11b30	2
@paligap17	2
@paulmasonnews	2
@pinkheretic	2
@pmagn	2
@pnjaban	2
@rcemortimer	2
@realDonaIdTr_	2
@realsissymaid	2
@rexglacer	2
@robertccatron	2
@rogerwaters	2
@rosegar17673310	2
@ruxcytbl	2
@s_m_marandi	2
@sahouraxo	2
@samanthamarika1	2
@savesoil	2
@secretsqrl123	2
@shoe0nhead	2
@skingers	2
@smc429	2
@somechewlip	2
@southbankcentre	2
@stillgray	2
@structuralecon	2
@sunick51	2
@tassagency_en	2
@the_ecofeminist	2
@thelittleidiot	2
@think_or_swim	2
@thinkovation	2
@torytho	2
@triton95100	2
@ubique60	2
@vanillarice17	2
@veg_grower	2
@verycentrist	2
@wanderer_bolton	2
@waxliberty	2
@wiilsharaban	2
@wil_da_beast630	2
@wittywriter	2
@wj_manning	2
@wjack76995	2
@wossy	2
@youngprodigy08	2
@zaineb_saied	2
@zerohedge	2
@01blackberry	1
@10kClimate	1
@13sarahmurphy	1
@17godwins	1
@19_Gazza_84	1
@1FreshTake	1
@1MagicTV	1
@1MissBridget	1
@1jasliz	1
@1pluseipi	1
@21stPrestige	1
@22rooster777	1
@243Andrew	1
@350Canada	1
@3Gordon	1
@417craig	1
@4BILLYLEEGREEN	1
@4tis	1
@605talex	1
@6lennybravo	1
@6thGradeMustach	1
@7_17_Quantum_17	1
@99percentplus10	1
@9NewsPerth	1
@A1exTimmons	1
@A4NY14	1
@ABC	1
@ABDanielleSmith	1
@ADKT1T2	1
@ADrunkenmiller	1
@AHandyGingerGal	1
@AJStream	1
@AJax1729	1
@ALphaMach1ne	1
@AMFC1662	1
@ANotNormalLad1	1
"@AP"""	1
@AP	1
@AS332L	1
@ASH_ACS	1
@ATomalty	1
@AVFC_Hatchet	1
@AaronDickens	1
@Aberath	1
@AbiWeeabi	1
@Abigor_Gr8t	1
@AbiluTangwa	1
@AbrahamHamadeh	1
@AcclimatedGeza	1
@AcingSpl	1
@ActualAnti	1
@Acyn	1
@Ada_nnemelu	1
@AdamBandt	1
@AdamDav93	1
@AdamParkhomenko	1
@AddeMoberg	1
@AdenoidHynkel12	1
@Adyb82176144	1
@AggressiveProg7	1
@AgnesCallamard	1
@AjeetBhartii	1
@AlabamaHoshea	1
@AlaskaWx	1
@AlastairMorgan	1
@AldoButtazzoni	1
@AlexGodofsky	1
@AlexPetrovnia	1
@Alexand11241994	1
@AliciaS08056304	1
@AlistairHaimes	1
@AllKenyan_KE	1
@Allano56	1
@AlliRaine22	1
@AllisonPearson	1
@AlokSharma_RDG	1
@Alovesupreme9	1
@AlwaysRtRadio	1
@AmandaJessica09	1
@AmaraSolomon7	1
@AmyLSAustNZ	1
@An29oferro	1
@An_English_man_	1
@Ana_lisbon	1
@AndTartary	1
@AndiHaxhiu1	1
@AndisMom4	1
@AndreaHorwath	1
@AndreaPMP	1
@AndrewKnight226	1
@AndrewPerpetua	1
@AndyBurnhamGM	1
@Andyk23Andy	1
@Andys_Pants	1
@AnexMendex	1
@AngelD53416774	1
@AngelDee33	1
@AngelaH80467217	1
@AngelicaOung	1
@AngelicoDeb	1
@Angry_Staffer	1
@AniaKoniec	1
@AnimalInMan69	1
@Annakhait	1
@AnneliesdeZeeuw	1
@Antzkiwi	1
@AnupamPKher	1
@Apple_Matt	1
@Aquamariah1	1
@Aravindhapk	1
@ArchRose90	1
@ArchaicNonsense	1
@AreOhEssEyeEe	1
@Arewa_Business_	1
@ArmandoPares	1
@ArtysHouse	1
@Ashcryptoreal	1
@Ashley__LaRae	1
@Asif198121	1
@Asjad8002	1
@Aspies123	1
@AssaadRazzouk	1
@Asterinidae	1
@Attractiveincel	1
@Auctoratus	1
@AugrEdmonton	1
@AukeHoekstra	1
@AuntBee1950	1
@AustinLeeCTV	1
@AustinSwith	1
@AutoTrader_UK	1
@AvatarMoonlily	1
@Aviation_Intel	1
@AvrahamCooperMD	1
@BALENCIAGA	1
@BBC	1
@BBCOne	1
@BBCiPlayer	1
@BCGovNews	1
@BCStevens77	1
@BKGlueGuys	1
@BMWK	1
@BMartinovski	1
@BNNnig	1
@BNNnigerianews	1
@BNPParibas	1
@BOM_au	1
@BadBoyFartMan1	1
"@Baddiel"""	1
@Baddiel	1
@BakerHoldmann	1
@Bananrama2	1
@Bandcamp	1
@BarbieWoodside	1
"@BarlugaGreySt"""	1
@BarstewardsThe	1
@BasEickhout	1
@BasedDOdoubleC	1
@BashirAhmaad	1
@Batman2242	1
"@Baxter7Jeffrey"""	1
@BazzaCC	1
@Bbmorg	1
@BeachCity55	1
@Beaking_News	1
@Beanerybum	1
@Beany_1	1
@BearBuster3	1
@Bearcub52	1
@Beatkoine	1
@BeauTFC	1
@BeeForGeorgia	1
@Begentle50	1
@BehizyTweets	1
@Belfastdavey	1
@Belinda92263961	1
@BellaVegan5	1
@BenBric38586760	1
@BenGibsSr	1
@BenGoldsmith	1
@BenKentish	1
@BennnyH	1
@BennyKG02	1
@Bennyokay2K	1
@BeowulfSchaefer	1
@BernardoVerda	1
@BerryTartlet	1
@BestForBritain	1
@Betelgeuse591	1
@BhagwantMann	1
@BichonAtLaw	1
@BigMoyorshola	1
@Big_Smooth10	1
@Bigbigboss999C	1
@BillHemmer	1
@Bill_Maxwell_	1
@BillyBaldwin	1
@BillyBoysDaddy	1
@Billyrisner2	1
@Biorealism	1
@BitcoinOby	1
@Bitternbyabug	1
@BjornLomborg	1
@BlackIrishI	1
@BlackKnight10k	1
@BlackersNot	1
@BlamesJinds	1
@BlandinaKalonga	1
@BlockadeAus	1
@BloombergUK	1
@BlownawayToo	1
@BlueFoodFutures	1
@BoSnerdley	1
@Bo__Dollars	1
@BobBobs64	1
@BobHump28451784	1
@BobO_knows	1
@BobbyDukeArts	1
@BonnieGlaser	1
@Bonu19RC	1
@BoogaUnleashed	1
@BookerSparticus	1
@BorderSolutionz	1
@BoredApeYC	1
@BossReach	1
@Bouch63	1
@Bowenchris	1
@BradleyEwing	1
@Brain57206630	1
@Brandossius	1
@BrendanClay666	1
@BrianCathcart	1
@BrianGitt	1
@BrianJo78940026	1
@BrianKarem	1
@BrianVad	1
@BrittanyAldean	1
@BroadcomSTEM	1
@Btn_EHT	1
@BuckB04	1
@BuckSexton	1
@BuffaloBills	1
"@Buildbuilddd"""	1
@Built2Sleep	1
@BukiMabruki	1
@ByAliceIrene	1
@CANThamesWest	1
@CBSNews	1
@CBarrabran	1
@CC_NoThanks	1
@CClimateAction	1
@CDP1882	1
@CFR_org	1
@CHSommers	1
@CIFOR	1
@CMLFerry	1
@CNOOCUgandaLtd	1
@CODCode904	1
@COP23	1
"@COP27P"""	1
@COUPSURE	1
@CPHO_Canada	1
@CPRE	1
@CSGO	1
@CSwampthing	1
"@CTAOP"""	1
@CTVCalgary	1
@CTVNews	1
@CTerp23	1
@CVRogers36	1
@CaGirl780	1
@CableGuyGav	1
@Cadence4Trump	1
"@CalltoActivism"""	1
@Callxm6	1
@CampingWorld	1
@Canadaequalfor1	1
@CantWeDoBetter	1
@Captaintrips74	1
@Carissa1177	1
@CarlGarivera	1
@CarlNicholls6	1
@CarlaRK3	1
@Carlos14397207	1
@CarltonPStewart	1
@CarndogKnows	1
@CartoonsJpt	1
@CasperBoglim	1
@CassandraRules	1
@Cat2London	1
@CatOnIt00	1
@CathyJoeGPT	1
@Ceejure	1
@CenterSensible	1
@Cernovich	1
@ChadNotChud	1
@ChamoliDm	1
@Champersq1	1
@Charles02339637	1
@CharlesKizza4	1
@CharlesNguna	1
@Charlie404metal	1
"@CharlieCrist"""	1
@CharlieCrist	1
@CharlieJGardner	1
@CharlzJade	1
@ChefGarethS	1
@CheriBeasleyNC	1
@Cherob14	1
@Chilliad1312	1
@ChimaEgwuonwu	1
@Chimbles84	1
@ChinchillaisGod	1
@ChipsLasagne	1
@ChleaBourtoule	1
@ChloeNCornish	1
"@ChoisWoodman"""	1
@ChoooCole	1
@Chris91138742	1
@ChrisAshton59	1
@ChrisCottis	1
@ChrisGPackham's	1
@ChrisKetchem3	1
@ChrisMctwtr	1
@Christi44513315	1
@ChristianOnRE	1
@Christinauk53	1
@ChristineDrazan	1
@ChristineJameis	1
@Christoferus21	1
@ChristopherJM	1
@ChuckGrassley	1
@Cicined2	1
@Citi973	1
@CitizenFreePres	1
@ClarenceHouse	1
@ClarkeMicah	1
@ClimateAdam	1
@ClimateBen	1
@ClimateDad77	1
@ClimateEnvoy	1
@ClimateHero_me	1
"@ClimateHuman"""	1
@ClimateRealists	1
@ClimateWarrior7	1
@Climatologist49	1
@ClinterimHC	1
@CliveRhymester	1
@ClmsnJ	1
@ClutchPointsApp	1
@CoachD_Speaks	1
@CobblersNibble	1
@CoffeeLover4U	1
@Colchesterviews	1
@ColeLCollinss	1
@ColinYurcisin	1
@ComfortablySmug	1
@CommieChicago	1
@CommieMachinist	1
@ConCaracal	1
@ConEarl	1
@ConSelfOwns	1
@Condorman6	1
@ConflictsW	1
@ConfusedVorlon	1
@ConnorOrton_	1
@ConraddKonnrad	1
@Convict_No9653	1
@Coolhand6661	1
@CorkySwift2	1
@CorneliusMHayes	1
@CorporalFrisk	1
@CosmoGirl123	1
@CosmonautMarcus	1
@CovertShores	1
@CowboyAquatica	1
@Cowspiracy	1
@CraigCh99092747	1
@CraigyMac1979	1
@CreditSuisse	1
@CricKaushik_	1
@CricSubhayan	1
@Crisby1622	1
@Cristiano	1
@Crowmedic	1
@Cru3Grand	1
@CryptoK25108368	1
@Cuidad10	1
@CurtBaughman	1
@CyCyScOtT	1
@DAOBarry	1
@DBRichard3	1
@DCH204	1
@DDumpsterfire	1
@DEASEATTLEDiv	1
@DJMorpheus2007	1
@DJlikesCyprus	1
@DKnatzBarrett	1
@DSeppian	1
@DZMMTeleRadyo	1
@Dafedm1	1
@DailyCaller	1
@DailyMailUK	1
@Daily_Express	1
@DakineJeb	1
@DallasBobby1	1
@DameLozza	1
@Dams_Lefty	1
@DanaPerino	1
@DancingAnth	1
@DanteDLT	1
@DatSamThen	1
@DaveUthoff	1
@David19531501	1
@DavidBluecrew	1
@DavidHenigUK	1
@DavidLePageZA	1
@DavidSandow1	1
@DavidSteadson	1
@DavidTa69192197	1
@David_Moscrop	1
@David_Vaporium	1
@David__Osland	1
@Davidla89114650	1
@DawnJen86536536	1
@Dcoronata	1
@DeVerdadera1	1
@DeaceMemes	1
@DeadliestCatch	1
@DeanHatch3	1
@DebateOnFacts	1
@DeborahClaireUK	1
@Deeg_619	1
@DefenceAust	1
@DefenceHQ	1
@DefraGovUK	1
@DejaRu22	1
@DeloitteUS	1
@DelusionsMass	1
@Demos	1
@DenverChannel	1
@DepSecBronaugh	1
@DerekDlngr	1
@DerekSherratt	1
@DerylLynn	1
@Deshevanel	1
@DeutscheBank	1
@DharshiniDavid	1
@Di2765	1
@DianaBardsley	1
@DiedSuddenly_	1
@DifficultNerd	1
@Dirty_Dons	1
@Disabilitylib	1
@DiscussingFilm	1
@Dispropoganda	1
@DmytroKuleba	1
@DoctorLunge	1
@DoctorVive	1
@DoctorsXr	1
@DollyD2022	1
@DollyParton	1
@DollyResist	1
@DomShow1210	1
@Don_Penim	1
@DonnyDeutsch	1
@Donsvess	1
@DoombergT	1
@Dope_Strains	1
@DorlandRon	1
@DougDucey	1
@DougieFreshii	1
@DouglasKMurray	1
@DowGLBI	1
@DowSports	1
@DrAlfredMutua	1
@DrAmirKhanGP	1
@DrAnnieHickox	1
@DrEliDavid	1
@DrEricDing	1
@DrGJackBrown	1
@DrHoenderkamp	1
@DrJamesOlsson	1
@DrOz	1
@DrShayPhD	1
@DrSimEvans	1
@DraperRobert	1
@DreamLeaf5	1
@Dubliner112	1
@DukesyWeather	1
@DumpsterFireROC	1
@DungeonMis7ress	1
@DustinMcIntyr13	1
@DutchNewchurch	1
@ECAatState	1
@ELPinchbeck	1
@EPA	1
@EPalikarska	1
@EPennysworth	1
@EROEI_bot	1
@ESPNcricinfo	1
@ETadpole	1
@EUClimateAction	1
@EUCouncil	1
"@EUErasmusPlus"""	1
"@EUinEthiopia"""	1
@E_D_Freeman	1
@Earmenow1	1
@EarthKeeper22	1
@EbbpProductions	1
@Ed_Ironside	1
@EdgeOErin1	1
@EdinReporter	1
@EduMontesin	1
@EducatingTrump2	1
@EdwardsPAW	1
@EdwinMurrant	1
@EetuSeppnen1	1
@EfParent	1
@EggsWithRoses	1
@Eh_Canada_Goose	1
@EhresmanKatya	1
@ElPegzer	1
@Eleanor_dante	1
@ElectionWiz	1
@EleftheriaElpis	1
@EliasN97	1
@Elliott_Sadler	1
@Eloise98496253	1
@EmaNymton90	1
@EmeraldIsles43	1
@Emilou973	1
@EmilyJanemh	1
@EmmaKennedy	1
@Emperorscott2	1
@Emu52May	1
@EnvHamilton	1
@EricLDaugh	1
@EricLynnFL	1
@ErnstRoets	1
@Europarl_EN	1
@EvertDoornebal	1
@EveryWia	1
@Eye_Bee_Leaf	1
@EyjaEternal	1
@F9340891660	1
@FBI	1
@FBISanFrancisco	1
@FBISeattle	1
@FIFAWorldCup	1
@FOX59	1
@FOmuggyhunts	1
@FS_Yusuf_	1
"@FT"""	1
@FT	1
@FVAP	1
@FaccaDon	1
@FadeMe211	1
@Fairysoprano	1
@FareedZakaria	1
@FatEmperor	1
@FatsoCatso	1
@FaustinoBerlin	1
@Faytuks	1
@Femi_OfMainland	1
@FiendInno	1
@FinPlanKaluAja1	1
@Finnashleep	1
@FissionGoing	1
@FitzyLeakz	1
@FkmOmbino	1
@Flip5ide666	1
@FlyAirNZ	1
@FossilFission	1
@FragRCS	1
@Frankd06830	1
@FredFriendly7	1
@FredKwint	1
@FredTJoseph	1
@FreeUkraine91	1
@FreyS	1
@FrischReport	1
@FriseSally	1
@G0dsW8r	1
@GAUAHAR_KHAN	1
@GBTULLYBandalot	1
@GCICUganda	1
@GCOFUG	1
@GG37374104	1
"@GOP"""	1
@GOP)	1
@G_LaryeaAdjei	1
@GabrielSchind13	1
@GadSaad	1
@GaetanHeymes	1
@GailBro04798432	1
@Galantias1	1
@Gap	1
@GarbageApe	1
@GarlandNixon	1
@Gary_H_W_Smith	1
@GasPriceWizard	1
@GavinBullick	1
@GavinRMcCarthy	1
@Gen1daughter	1
@GenDonBolduc	1
@GencoupeGT	1
@Genesisoflegend	1
@GeoFreC	1
@GeoffBarton9	1
@GeoffHaxton	1
@GeoffreyWeiss	1
@GeorgeCanard	1
@GeorgeDobell1	1
@GeorgeTakei	1
@GeorgiaDemocrat	1
@Geostrat_ME	1
@GerardAMorrow	1
@GeromanAT	1
@GhoshAmitav	1
@GhoshArunabha	1
@GibbysMoma	1
@GigHarborFly	1
@GigHarborLiving	1
@GigHarborNow	1
@Gitmo99	1
@GiveItAWobble1	1
@GlennBBC	1
@GlobalFreedomM	1
@Gloriabesos	1
@Goalkickingguru	1
@Gods_WarriorUSA	1
@GotfrydKarol	1
"@GovRonDeSantis"""	1
@GovWolf	1
@GrammyRock7	1
@GrandCanyon72	1
@GrantCardone	1
@GrantChalmers	1
@GreatDismal	1
@GrecianInItaly	1
@GreenBagOG	1
@GreeningDoc	1
@Greening_Camp	1
"@Greenpeace"""	1
@GregAbbott_TX	1
@GregFergus	1
@Grimble5	1
@Gthatdude12	1
@GuidoFawkes	1
@GujaratPolice	1
@GulagGrogShoppe	1
@Guss_Finknottle	1
@GuyLodge	1
@GuySander1	1
@Guy_Stallard	1
@Gwen4Congress	1
@HC_Richardson	1
@HDelench	1
@HEATmuse	1
@HLN_BE	1
@HRCDemocrat	1
@HSISeattle	1
@HWick_Chris	1
@HackettTom	1
@Hamilton_350	1
@Hanas_Horses	1
@HannahEDaly	1
@HannahStitfall	1
@Harri	1
@Harri_Est	1
@HarrySword	1
@HattinghGary	1
@Hawk505Steve	1
@Hazbeen66	1
@Heidi521	1
@HelenSalmon2	1
@HelenaMarianne0	1
@HeleneStovall	1
@HellaCaldwell	1
@Hemansu	1
@Heminator	1
@HemsleyRob	1
@Hepeman	1
@HexieHex	1
@HeyTammyBruce	1
@HillaryClinton	1
@HippieChickie58	1
@Holdstk	1
@HomeDepot	1
@HoodNews	1
@Hoodau4	1
@HotSauceBlogger	1
@HouseCracka	1
@HovigE	1
@Hru_7	1
@HtServadac	1
@HughCam34026215	1
@Hugh_Jasole_44	1
@Huiwen18	1
@Humphrey099	1
@HurricanesMBA	1
@HustyTaylor	1
@IAmTheStorm__	1
@IBM_PCJr	1
@ICFI_WSWS	1
@ICRAF	1
@IGSquawk	1
@IISD_news	1
@IMDb_in	1
@INArteCarloDoss	1
@IOM_MECC	1
@IObywatelski	1
@IPBES	1
@IPCC_CH	1
@IPolemikos	1
@IRONSal1	1
@IWWTennis	1
@IainCurrie9	1
@IainMulady	1
@IanDunt	1
@IanGianni	1
@IanpayneLBC	1
@Icky427	1
@IcnirpMick	1
@Idckeviin	1
@IlhanMN	1
@IlseKohler	1
@ImJohnOHurley	1
@ImpunityCity	1
@InTheElections	1
@InYourMind20xx	1
"@IndiaToday"""	1
@IndieAuthor1982	1
@IndyVoices	1
@InfiDale3476	1
@InnaBraverman	1
@IoloWilliams2	1
@Isabell17267660	1
@Isedaimages	1
@ItsMutai	1
@ItsSelfy	1
@Its_PepesBurner	1
@Itz_Equity	1
@Ivana202020	1
@JB3033	1
@JChigurh	1
@JDMahama	1
@JDVance1	1
@JJ58111	1
@JJGass	1
@JJ_McCullough	1
@JKJKgranny	1
@JKosmos4	1
@JMPSimor	1
@JPNotMorgan	1
@JRubinBlogger	1
@JRyanNews	1
@JSnape8	1
@JackHarries	1
@JackieFrancesca	1
@JackieLongc4	1
@Jackson_RowerUK	1
@JacobMa86315680	1
@JacquelynGill	1
@Jacques_Ivar	1
@Jaisans	1
@JamesDoris19	1
@JamesGDyke	1
@JamesMbowe4	1
@JamesSBeal	1
@JamesTypes	1
@JamieKaos	1
@JamieLepick85	1
@Jamie__Holleran	1
@Jamz129	1
@Janefonda	1
@Jarvis_Dupont	1
@JasonMaginnis	1
@JasonPYYC	1
@JasonWWalton1	1
@JavonAPrice	1
@JdZrun	1
@Jeanheise1	1
@JebraFaushay	1
@Jeff424V	1
@JeffBezos	1
@JeffBohnerCA	1
@JeffWode1969	1
@JeffyJFR	1
@JenGriffinFNC	1
@JenMart62117214	1
@JenRuthGreen	1
@JennMForster	1
@JennaSudds	1
@Jennife35673429	1
@Jennyflower	1
@JeremyBennett	1
@JeremyShafferPA	1
@JeromeDavies1	1
@JerrySnarkanian	1
@JessopJosie	1
@Jessrocks71	1
@JetsOnly	1
@JewishResister	1
@JimBreuer	1
@JimCantore	1
@JimTeskeNC9	1
@Jimallen19621	1
@Jimbo12449841	1
@JimlikesBB	1
@JoSally53	1
@JoeBlob20	1
@JoeMaggi55	1
@JoeNBC	1
@JoeRobinEnjoyer	1
@JoeTheAtheist	1
@Joey_finney	1
@Joffus3	1
@JohnEdwards33	1
@JohnHodgson26	1
@JohnOz1900	1
@JohnQuiggin	1
@JohnSnowNW	1
@JohnTierneyNYC	1
@JohnTory	1
@JohnWing5	1
@JohnnaCrider1	1
@Johnny00269243	1
@JonHallin	1
@JonRFleming	1
@JonasKallsen	1
@JonasLeng	1
@Jonnyporkchop	1
@JonsGal92	1
@JorEl1959	1
@JoshAPaye	1
@JoshKaulWI	1
@JoshuaPHilll	1
@JosieDuncanSong	1
@Josieamycashman	1
@JradRabel	1
@JsmithITGuy	1
@JulesBywaterLee	1
@JulesChi2	1
@JulesMakabayan	1
@Julia48836805	1
@JuliaMorales	1
@JulieGreenHeart	1
@JunhoPatrice	1
@JurajMikurcik	1
@Justbob111	1
@Justice_forum	1
@Juuuuuunji	1
@KEFRIHQ	1
@KFJ1688	1
@KING5Seattle	1
@KOINNews	1
@KTVU	1
@KaiserNeko	1
@KalashCaptain	1
@Kamiyo_A	1
@KamiyuRed	1
@KaptainLOMA	1
@KarenMMiddleton	1
@KarliaMyaKelly	1
@Kassbit	1
@KasulisK	1
@KatTimpf	1
@KathrynDW59	1
@Katie23626427	1
@KatyTreverton	1
@KeEquityBank	1
@KeithMalinak	1
@Kekeflipnote	1
@KelKamikaze1	1
@Kels__Tweets	1
@Kenwxman	1
@KetoBeejay	1
@KevCamb	1
@KevinForBOS	1
@KevinPascoe	1
@KhannaAshishCCM	1
@KickAssGirl62	1
@KieronJ17924581	1
@KinBentley	1
@KingBobIIV	1
@KingLibertarian	1
@King_AweKay	1
@Kirioth	1
@KitaroNFT	1
@Klumpi_jr	1
@Kolade04789423	1
@KosSamaras	1
@Kpop_Herald	1
@KristiWonk	1
@KuntiePlopkins	1
@KurtSchlichter	1
@Kybelle195739	1
@KyleMizokami	1
@KyrieIrving	1
@LDNBlackCab	1
@LFCDetroit	1
@LGMandelaBarnes	1
@LHorne95691178	1
@LMFmAnO	1
@LNixon9	1
@LOCASHmusic	1
@LPL_Airport	1
@LTDAForum	1
@LXSummer1	1
@LabGND	1
@LabourDefra	1
@LabourNorthWest	1
@Lance_in_DC	1
@LaoTzu5	1
@LarryAndress2	1
@LauchlinB	1
@LauraSuckling2	1
@Lauren_Southern	1
@Laurieluvsmolly	1
@LawDavF	1
@LawrenckiokJr	1
@LayahHeilpern	1
@LaylaMoran	1
@LazyCircles	1
@LeMoustier	1
"@LeaderMcConnell"""	1
@LeaderMcConnell	1
@LeahLitman	1
@LeeSchu24625256	1
@Lelehuwa	1
@LemmeDuRANT	1
@Len_Future	1
@LenniCoffey	1
@LeoDiCaprio	1
@LeoGarcia3som	1
@LeoMilus1	1
@LeonelMunoz	1
@LesOldham4	1
@LesleyMillercyp	1
@Lesqueenb	1
@LesterDent	1
@LetsNets	1
@LexxBrody	1
@LibDemAus	1
@LibDemEurope	1
@Liberty88395090	1
@LibertyBee_X	1
@LibyaLiberty	1
@LifeWithoutDiet	1
@LilyfromPhillii	1
@LindaBr07293431	1
@LindaHurrell	1
@LindaV43017076	1
@LindsayyuleS	1
@LinusTech	1
@Livie81	1
@LizLitt2	1
@Liz_Cheney	1
@Liz_Wheeler	1
@LizzieIanthier	1
@LndaRutherford	1
@LoFiRepublican	1
@LochChesney	1
@LockheedMarlin	1
@LogicalLorena	1
@Logically_JC	1
@LolaOliverrrr	1
@LombardiHimself	1
@LondonAssembly	1
@LordOfFreedom2	1
@LuckyHeronSay	1
@LucyvanOlden	1
@LuigiBenitez7	1
@LukeBryan	1
@LukeDyks	1
@LukeSMurphy	1
@Lukewearechange	1
@LukusBlack	1
@Luqueratief	1
@Lynne14152193	1
@Lynski_07	1
@MAAIF_Uganda	1
@MCRobredz	1
@MC_00_	1
@MEActNOW	1
@MFaiqSA	1
@MGermaine6	1
@MK9112_	1
@MLBONFOX	1
@MLiebreich	1
@MMMDimitrijevic	1
@MOTRXG	1
@MRobertsQLD	1
@MTDemps	1
@MVPHAS_csgo	1
@MadanKandal3	1
@MadeInTheUSANJ	1
@Maggie_Hassan	1
@Magpie93551	1
@Malckyb	1
@MalesOfReddit	1
@MapleGirl07	1
@MarciaKaySnyde1	1
@Mardyoldgal	1
@MarenMorris	1
@MargaretAtwood	1
@MariaBartiromo	1
@MariannMeedWard	1
@MarinaPurkiss	1
@MarionGalMonse2	1
@MarkOgge	1
@MarkRee18910162	1
@MarkSteynOnline	1
@MarquettiaRams1	1
@MarthaKarua	1
@Marthakearney	1
@MartinSarker1	1
@Martin_Durkin	1
@MartineGoossen4	1
@MaryF1023	1
@MasonVersluis	1
@MassiMassian	1
@MattBinder	1
@MattColborn2	1
@MattGubba	1
@MattLaslo	1
@MattMcInnis6	1
@MattSainsb	1
@MatthewRycroft1	1
@MauriceSchleepe	1
@MavenMemer	1
@MaxAbrahms	1
@MaxieAllen	1
@Maximnole	1
@MayorHancock	1
@MayorJoePetty	1
@Mbardo6	1
@McHaggis9	1
@MeckeringBoy	1
@MediaGuido	1
@MedicJacko	1
@MediumGrace	1
@MeghanMcCain	1
@Melinda62909033	1
@Melissa19261499	1
@Melyriel	1
@MeowLeFae	1
@Mephist33482185	1
@MerrilynStange2	1
@MetPoliceEvents	1
@MiamiHerald	1
@Michael86612352	1
@MichelineCarv12	1
@MichelleObama	1
@MickPow58926197	1
@Mickey_Koh	1
@Mike17404669	1
@MillenialRaven	1
@MillyMolly300	1
@Mining_Atoms	1
@MinnesotaCheryl	1
@MinnesotaExpat	1
@MissAWaters1	1
@MissKitty6868	1
@Missus_Massacre	1
@MisterBruceMan	1
@MitaoCatCS	1
@Mo05Yu	1
@MojaveReborn	1
@MokejiB	1
@MollyGalt	1
@MonicaCrowley	1
@MonkeyMyBack	1
@MookieTobin	1
@MorganPlatt12	1
@MoritzBenzing	1
@Mplflvrdopinion	1
@MrAntiWoke	1
@MrBeast	1
@MrBiswaz	1
@MrChadTurner	1
@MrCorviknight	1
@MrHeiber	1
@MrJThomason	1
@MrJohnNicolson	1
@MrPMHarrison	1
@MrStache9	1
@MrTarbash	1
@MrWhiteMAGA:	1
@MrWigglesworth4	1
@Mr_AnasPati	1
@MsMelChen	1
@MuellerSheWrote	1
@MungKiwi	1
@MurderousTemp	1
@MurphTWN	1
@Musc1esbri2	1
@MuscogeeAL	1
@Mushtaq412	1
@MusicMaker787	1
@MxolisiBob	1
@MyLowertown	1
@MyOpini88782654	1
@NAFOMoiety	1
@NASAEarth	1
@NASAInSight	1
@NASAMars	1
@NASA_Landsat	1
@NAkufoAddo	1
@NBCNews	1
@NBCNews.	1
@NCorralesINQ	1
@NEE_Naturalist	1
@NEWS_MAKER	1
@NFLUK	1
@NGRPresident	1
@NICKIMINAJ	1
@NJ_Timothy	1
@NMamatas	1
@NSWSES	1
@NUP_Ug	1
@NYC_DOT	1
@NYTmag	1
@Naija_PR	1
@NancyE96930494	1
@NancyK369	1
@NancyKowatsch	1
@NancyRHM	1
@NatGeo	1
@NatashaCL7	1
@Naveen_Odisha	1
@Nena4Freedom	1
@NetballAust	1
@Nethgrace_	1
@NeutralJoe	1
@NewEnglandBG	1
@NewStatesman	1
@NewieBunyip	1
@NewshubNZ	1
@NiGHTS108	1
@NiaNiam2	1
@NiaPere98304469	1
@Nichola38180285	1
@NicholasTyrone	1
@NickFerrariLBC	1
@NickThiwerspoon	1
@Nick_Boro1	1
@Nico_Macdonald	1
@NicolaSturgeon	1
@Nicoledso	1
@Nigel_Farage	1
@NigeriaGov	1
@Nikirrie	1
@NiklasGerholm	1
@NineNewsNancy	1
@Nitromanuk	1
@NnaastteyPOV	1
@NoGunsInCanada	1
@NoHolyScripture	1
@NoIAmTonyGreen	1
@NoLieWithBTC	1
@Nobodybutme17	1
@NobodymrRobert	1
@Nobunny333	1
@Nolimit741	1
@Nonnicool	1
@Nopsman1	1
@NoreenWise777	1
@NormalGuy223	1
@NormieInCrypto	1
@NorthShoreNews	1
@NorthWestCop	1
@NotFifthGear	1
@NovElection2024	1
@NuScale_Power	1
@NyakioR	1
@OConnorOisin	1
@OGLadymongoose	1
@OOmgitskimmie	1
@OSEAN_Ottawa	1
@OWS1892	1
@Obohobofromnobo	1
@OdinSkoll	1
@OfficeofDhami	1
@OfficialManana	1
@Official_Avans	1
@OglyFederico	1
@OhDangitEvie	1
@OhHowByronic	1
@OhNoezzz	1
@Ojeda4America	1
@Oldglorycries	1
@OlgaMar21924816	1
@OlgaOfUzhhorod	1
@Olgachristie	1
@OlivierBvK	1
@OmegaGlory1791	1
@OonaghKelleher	1
@Oprah	1
@OracleOfTears	1
@OregonGovBrown	1
@OrigWolfePack	1
@OskaArcher	1
@Otto_English	1
@OurSacredGrove	1
@OurWorldInData	1
@OvershotPar	1
@OwenJones84	1
@PALythgoe	1
@PATRON_TAINT_	1
@PA_P3RRY	1
@PFr1end	1
@PGATOUR	1
@PGATOURComms	1
@PMOIndia	1
@PMSimferopol	1
@PMbythesea	1
@POLITICOEurope	1
@PScotlandCSG	1
@PStewed	1
@P_McCulloughMD	1
@Packmandazes	1
@PaddyM10128237	1
@PaladinAmber	1
@PaleoGranny58	1
@PalmerReport	1
@Pankake007	1
@PartymanRandy	1
@PatUnleashed	1
@Patrici15767099	1
@PaulGardinerDJ	1
@PaulGelWorks	1
@PaulMattSutter	1
@PaulRic11654696	1
@PaulinusBlack	1
@Pauls_1984	1
@PaulussenLuuk	1
@Pdma999	1
@PenTitan	1
@PenguinUKBooks	1
@Penny_Proud_OK	1
@PenrithBorderLD	1
@Pete4America	1
@Peter14306722	1
@PeterDilworth1	1
@PeterFl27318076	1
@PeterGreen1966	1
@PeterHotez	1
@Peter_S325	1
@PetronellaWyatt	1
@PhydellaLL	1
@PierreKory	1
@Pillroller25	1
@Pitt4Shapiro	1
@PlanB_earth	1
@PlanetTyrus	1
@PlayzArm	1
@Poco_lee21	1
@PolitiFact	1
@PoliticalGraham	1
@PoliticalPartr1	1
@PoliticsVerse	1
@PoorFlyingMan	1
@PopBase	1
@PriaN77530659	1
@PrincessofWails	1
@Princeton	1
@ProfDaveAndress	1
@ProfEmilyOster	1
@ProfessorFerg06	1
@ProfessorNamche	1
@ProudElephantUS	1
@ProudSocialist	1
@PumaBare	1
@PunkinDyer	1
@PurcellGregory	1
@PuttSweat	1
@Qdpaper2	1
@QueenHezena	1
@QuentinFranks14	1
@QuickDickMcDick	1
@QuietComm	1
@QuislingT	1
@QwetuLiving	1
@RAM0667	1
@RBReich	1
@RCownie	1
@RD_Catherine	1
@RHarrabin	1
@RJonesishere	1
@RP7611	1
@RSBNetwork	1
@RScowler	1
@R_H_Ebright	1
@RachelBitecofer	1
@RachelNotley	1
@Rachel__Nichols	1
@RadiantCS_	1
@Rae08501787	1
@RahulGandhi	1
@RailaOdinga	1
@Raimundos1965	1
@Rainmaker1973	1
@RajatSharmaLive	1
@RalfLittle	1
@Ralph_Hapschatt	1
@RamonaMystic	1
@Rampage95_SGTG	1
@RandPaul	1
@RandyKite	1
@RandyRRQuaid	1
@RaphaelWarnock	1
@Ras_hmi_Tweet	1
@RationalVar1	1
@RawStory	1
@Rayjudd7	1
@RealBerwickW	1
@RealBristolNews	1
@RealCarlVernon	1
@RealChrisG1972	1
@RealConstable	1
@RealDante12	1
@RealDeanCain	1
@RealDylanKnight	1
@RealFlokiInu	1
@RealHickory	1
@RealJamesWoods	1
@RealMacReport	1
@RebeccaSolnit	1
@RebelNewsOnline	1
@RedDragonFly19	1
@RedIbis2	1
@Red_Blue_Label	1
@ReddirtF	1
@Redibn1	1
@RenateUptrup	1
@RenyaVT	1
@RepAdamSchiff	1
"@RepAdamSmith"""	1
@RepBentz	1
@RepJamesComer	1
@RepJohnJoyce	1
@RepMattGaetz	1
@RestDollfaceJMT	1
@RetroCoast	1
@RevRichardColes	1
@RevSportz	1
@ReverendWarnock	1
@RicSikora	1
@Richard94115209	1
@RichardBono7	1
@RichardBurgon	1
@RichardJMurphy	1
@RichardMunang	1
@RichardSwan1982	1
@RickyDoggin	1
@RidgeOnSunday	1
@RightRedReturn	1
@Riseupmovt	1
@RitaPanahi	1
@RoArquette	1
@RoadnightTaylor	1
@RobHeatherly1	1
@RobJetten	1
@RobbersonJon	1
@Robert04727771	1
@RobertA69326861	1
@RobertJudd4	1
@RobertM95905748	1
@RobertR78494074	1
@RobertoCuba23	1
@Roblox	1
@Rocket_Scintst	1
@Rockknocker61	1
@Rockland_Daily	1
@RockyRaymon	1
@RockyRhodes18	1
@RoelofBoer	1
@RogTallbloke	1
@RogerDeeAllen	1
@RogerYates17	1
@RominaJay	1
@RonFilipkowski	1
@RonPaul	1
@RonRessler3	1
@RonaldMullis3	1
@RonnBoyFresh	1
@RonnieSartors	1
@RonnieTheFrog	1
@RoostWeather	1
@RoryStewartUK	1
@RosieDuffield1	1
@RoyalFamily	1
@RoyceRk2	1
@RpsAgainstTrump	1
@Rtti19311602	1
@Rubcon7	1
@Rubelicious157	1
@RuncibleH	1
@RupertLowe10	1
@RusConsCapetown	1
@RusEmbUSA	1
@Rusembchina	1
@RussianEmbassy	1
@RustyAway	1
@RuyDiazB1976	1
@RyanMaue	1
@RyszardOnlyTrue	1
@SABCNews	1
@SCSam4Trump	1
@SConwaySmith	1
@SFBruin8566	1
@SFGiantsMuse	1
@SFPD	1
@SGTValadez	1
@SIfill_	1
@SNCaroline	1
@SPnottheGhost	1
@SRtwofourfour	1
@SRuhle	1
@STR0	1
@STonkei	1
@SVcrossDO	1
@S_Catsgotmyback	1
@Sad_Hands69	1
@Sad_default	1
@SadhguruJV	1
@Sage2Lilith	1
@SaharaReporters	1
@SalCornetta	1
@Salesman66	1
@SallyMGibbson	1
@SamanthaRatnam	1
@SamanthaTaghoy	1
@Sammalo17033089	1
@SamsGeorgina	1
@Sandbach	1
@SandraDunn1955	1
@SandraJayn	1
@SandraSentinel	1
@SandybeachPD	1
@Sandyboots2020	1
@SaraHaboubi1	1
@Sara_Rose_G	1
@SarahAshtonLV	1
@SarahHughes36	1
@SarahSiren16	1
@Sarah_Katilyn	1
@SarkawasA	1
@SatPaper	1
@SawyerMerritt	1
@Scary7Dr	1
@Schwarzenegger	1
@SciFiction1969	1
@ScientistsX	1
@Scorpio84046140	1
@ScotGovFM	1
@ScotTories	1
@ScottAdamsSays	1
@ScottAnd67	1
@ScottBaio	1
@ScottCJMcKelvie	1
@ScottJa93317027	1
@ScottPe71714792	1
@ScottPruitt_OK	1
@ScottPughsley	1
@Scott_Redding	1
@ScrumtiousVal	1
@Sdg13Un	1
@SeaIsMedicine	1
@SeamusORegan	1
@SeanFre66900595	1
@SeanOca31930625	1
@SeattlePD	1
@SecGranholm	1
@SecurityFirstFL	1
"@SenSchumer"""	1
@SenSchumer	1
@SenWarren	1
@SetCondiment	1
@Setophaga9	1
@SevereArtburn	1
@ShadoeDavis	1
@ShaolinTom	1
@ShastaGecko	1
@ShawnRyan762	1
@ShegorReador	1
@ShelKel2	1
@Shell	1
@Shelliemarie_c	1
@SheriHill	1
@SherylBecker	1
@ShhhhDontTalk	1
@ShinMegamiJimi	1
@ShortbreadFairy	1
@ShreddedApes	1
@SiHartley3	1
@Siddhaartth	1
@SimonCBurke	1
@Simstersnose	1
@SinceSept1945	1
@Siobhan_Wagner:	1
@SiqianShen)	1
@Sirhot11	1
@SiriusThee	1
@Sixxer_23	1
@Sky1946o	1
@SkyNewsAus.	1
@SkySportsPL	1
@SlowCooker8	1
@Smoothie232	1
@SocialMePraxie	1
@SofsBarbeiro	1
@SoldierNationF1	1
@SonOfGraceSoG	1
@SophieChatel1	1
@SophieduBarry1	1
@SoraSong3	1
@Southern0007	1
@SpaceX	1
@Spacely1z	1
@SparksN123	1
@Spectenix1	1
@Spinachbrah	1
@SpiritedImage	1
@SpringSteps	1
@Srotint	1
@StarRod64	1
@StateDept	1
@SteB777	1
@Stealth88901	1
@StefanVesti	1
@StellaParton	1
@StephKlepacki	1
@StephanieAbrams	1
@StephenAtHome	1
@StephenPMurtagh	1
@StequaviousB	1
@Steve90139535	1
@SteveBradshaw81	1
@SteveCa30448773	1
@SteveSchmidtSES	1
@Steve_R_Austin	1
@Stillurfvseason	1
@Stinkhorn11	1
@Stivespaintings	1
@StockBritish	1
@StopToryEcocide	1
@Storm4Congress	1
@StormHour	1
@StormSignalSA	1
@StottPeter	1
@StrawsIvory	1
@StreetFashion01	1
@StrokeMyEgoMoFo	1
@StryczekMarcel	1
@StudentReal2019	1
@StudentsforLife	1
@Styx666Official	1
@SueBoyde	1
@SueToumi	1
@SuenahL	1
@SuncoastChip	1
@SundayFutures	1
@SushiDevotee_	1
@Sut_40	1
@SuunaKing_James	1
@SweetBlueDenis1	1
@SwipeWright	1
@SwitchbacksFC	1
@SydesJokes	1
@SydneyLWatson	1
@SystembetU	1
@TBates314	1
"@THEJamesWhale"""	1
@THEJamesWhale	1
@TIMSHEL51	1
@TKobusiingye	1
@TMarieFord	1
@TOrynski	1
@TPostMillennial	1
@TREASUREunion	1
@TRyanGregory	1
@TTLent	1
@TachankaKity	1
@TaffGoose's	1
"@TalkTV"""	1
@TalkinBaseball_	1
@Tamereth	1
@TazGweilo	1
@TeamKempGA	1
@TechDisaster	1
@TedShermanSL	1
@TeddyLesterCoC	1
@Teddy_KOTs	1
@TeriKivari	1
@TeriOwen82	1
@TerliWetter	1
@TerribleMaps	1
@TeslaAndDoge	1
@TeslaSolar	1
@TexAgican	1
@TexasEsq	1
@TfL	1
@ThamKhaiMeng	1
@ThatAndreCamara	1
@ThatBishMila	1
@ThatMunichNight	1
@The2ndaMEMEment	1
@TheCrewGame	1
"@TheDailyShow"""	1
@TheEconomist	1
@TheElielRamirez	1
@TheGeneral_0	1
@TheGhos72578902	1
@TheImag56177345	1
@TheJackieBrook	1
@TheJusticeDept	1
@TheLastPersont2	1
@TheLastSane1	1
@TheLeoTerrell	1
@TheNextBigRush	1
@TheOtherMandela	1
@TheRand71300840	1
@TheRealBashed	1
@TheRealGroundUp	1
@TheRealHershe	1
@TheRealNALee	1
@TheRickyDavila	1
@TheSAOman	1
@TheScotsman	1
@TheSimpsons	1
@TheSirRobotto	1
@TheSniper061	1
@TheStoryHub	1
@TheStudyofWar	1
@TheTweetOfGod	1
@TheUfoJoe	1
@TheUltGmr	1
@TheView	1
@TheWarOnCars	1
@The_Lookout_N	1
@Thee_ElijahNeal	1
@Thehalk13	1
@TheoManson2	1
@ThierryBreton	1
@ThisIsLesboMaya	1
@This_DanielRay	1
@Thund3rB0lt	1
@ThunderousAppl4	1
@TimTbk100	1
@TimesLIVE	1
@TimmermansEU	1
@TinaKotek	1
@TinworthAnnie	1
@TitoKiti_	1
@TodayFM	1
@Todd44079284	1
@TomDeion	1
@TomFitton	1
@TomGreg05368229	1
@TomPark1n	1
@TomTBAllen	1
@TomVargheseJr	1
@Tom___Scott	1
@Tony40335450	1
@Tony42600263	1
@Tony4WI	1
@Tony678545602	1
@TonytheRam82	1
@ToriesAre4Rich	1
@ToshPointFro_	1
@TotalEnergiesUG	1
@TracyOnFire2020	1
@TransworldBooks	1
@TreasureIR	1
@TrevorNoahFdn	1
@Trevornoah	1
@Trickster32_UE	1
@TrillionTreesIn	1
@TrishfromTexas	1
@Troyel1968	1
@TrueScotsman5	1
@TruthJustis4USA	1
@TullipR	1
@TurnbullMalcolm	1
@Tweeet_Book	1
@Tweet_Nutrition	1
@Twiligh66227501	1
@TwitTwitTwitetc	1
@Twitter	1
@TylerBeaurega11	1
@UAWeapons	1
@UD_engr88	1
@UKLCH	1
@UKYP	1
@UMontreal	1
@UNCCD	1
"@UNEP"""	1
@UNEthiopia	1
@UNGeneva	1
@UNILAD	1
@UNOC_UG	1
@UNPeacekeeping	1
@UNWatch	1
@UN_HRC	1
@UROCKlive1	1
@USAmbKyiv	1
@USArmy	1
@USDA	1
@USEmbassyKyiv	1
@USPS	1
@US_Stormwatch	1
@UTDTrey	1
@UTL4BBMSARA	1
@Ubeyou2	1
@UmsAhmed33	1
@UniqueGav	1
@UnrequitedFOIA	1
@UrbanLandRent	1
@VIEWPORN___	1
@ValaAfshar	1
@Valentinamlle18	1
@VanityFair	1
@Vegemite	1
@Vhalen67	1
@VicConservative	1
@VicPerfecto	1
@Vic_Gill	1
@Vicibox	1
@VickiWoodward	1
@VickyRubadiri	1
@VictorJennpaul	1
@VictorMeldrew18	1
@Victoriniguez9	1
@ViennettaVfor	1
@VietecHeating	1
@Vincent99523264	1
@VincentJun3	1
@Vincenzo_Natali	1
@VinylLionel1	1
@VishnuNDTV	1
@VitalikButerin	1
@VladDavidzon	1
@VondalSavage1	1
@Vuvuzuelan	1
@WAIN_BAND	1
@WDWAnews	1
@WEB3Zer0	1
@WEschenbach	1
@WIRED	1
@WJXTvic	1
@WNJ85	1
@WNYOpenSchools	1
@WTPRPOed	1
@WWF	1
@WalterIsaacson	1
@WanderingGaia	1
@WarintheFuture	1
@WarnockDouglas	1
@WarrenUK17	1
@WarriorLFC	1
@Warsawblue	1
@WasOnceLoved	1
@WatcherGuru	1
@WeLnever	1
@WeatherSarov1	1
@WebTyrrell	1
@WellsFargo	1
@Wenlockedge1	1
@What46HasDone	1
@WhatADdoing	1
@Wikipedia	1
@WillMeyerPA	1
@WilliamQuill	1
"@WilliamsRuto"""	1
@WimLuyckx	1
@WitherSDL	1
@WitsUniversity	1
@Wobblybob2204	1
@WooSpry	1
@WrightNever	1
@XLCChelt	1
@XRLondon	1
@XRPArmyNews1	1
@XSIONUK	1
@X__Anderson	1
@Xchara98768279	1
@XrRebel	1
@XrSouthEastUK	1
@Yair_Rosenberg	1
@Yamanaga2	1
@Yamathaslova	1
@YanninaCaptain	1
@YanzhongHuang	1
@YoloTaube	1
@ZBZXV	1
@ZaidJilani	1
@ZeldaMc	1
@ZeynepinLE	1
@ZullieTheWitch	1
@_4kk7_	1
@_America_Proud_	1
@_Hapyface	1
@_Justusbaron	1
@_Lost_My_Way_	1
@_TechJess	1
@____B_S____	1
@_jewelnaomi	1
@_mamadeb	1
@_unisophia	1
@aIIegoricaI	1
@a_ilto	1
@aaron_leib	1
@abcmelbourne	1
@abcnews	1
@abigailinthedel	1
@ablondewun1	1
@abrashashapirus	1
@acs_xrp	1
@actually_cc	1
@ad_tua	1
@adampayne26	1
@addicted2newz	1
@adebradley	1
@adeosunvictoro	1
@adidas	1
@afneil	1
@afroposadism	1
@agripedia	1
@agzainfo	1
@aiden18012513	1
@aighne_kearney	1
@aintscarylarry	1
@aiww	1
@ajdavis22800	1
@akuma_river	1
@alabra_kedavra	1
@albundysdad	1
@alex90753009	1
@alexandrosM	1
@alexhallhall	1
@alexlebl23	1
@alexlyazi384	1
@alexmeshkin	1
@alexsanders224	1
@alexstein99	1
@alfaqfour	1
"@alizardx@mastodon.social"""	1
@allkpop	1
@amanwithnoplan0	1
@amitshah22	1
@amnesty	1
"@amsterdammed"""	1
@anagogica	1
@anainsin	1
@andd001	1
@andie1105	1
@andrew_wauchope	1
@andrewdoyle_com	1
@andrewsibley15	1
@andyheald	1
@aneboshi	1
@angela_ford	1
@anie_lace	1
@ankitjain	1
@anknaarockiam	1
"@annamalai_k"""	1
@anon_opin	1
@anu_kashyap67	1
@apmassaro3	1
@appalucie	1
@aravindramesh	1
@arcadeuk	1
@arikring	1
@asking4myself	1
@asknbid	1
@athena222777	1
@athoms274	1
@atiku	1
@atlas4133	1
@atmikaw_chii	1
@aubreycw	1
@austinrenny07	1
@australian	1
@autodesk	1
@awakenindiamov	1
@axios	1
@b8c808	1
@baar1955	1
@babbles	1
@backtolife_2023	1
@barbiedarby22	1
@battleaxeBrit1	1
@bbcnews	1
@bbcnickrobinson	1
@bbcr4weatherman	1
@bcuza	1
@beans_tuff	1
@bebeballena	1
@beholdisrael	1
@benpearce	1
@bentley_ali	1
@bgmasters	1
@biblesumett	1
@bickfordblue	1
@bigtoes44	1
@bill1303	1
@billybrother44	1
@billytylerxxx	1
@binance	1
@bis_de112	1
@bitsofplastic	1
@bjmtrainer	1
@bjork	1
@blame_sanakan	1
@blobbynfriends	1
@blumhouse	1
@bnetza	1
@bobathon	1
@bobbyJM_	1
@bobby_bear	1
@bog_beef	1
@bondeFella	1
@bongbongmarcos	1
@bonnietylerfan5	1
@boomer_ish	1
@bosalem64546044	1
@boss_bosire	1
@bovril_official	1
@brandiwein1982	1
@brclothwrites	1
@brenscott4	1
@brewersfan21	1
@briantylercohen	1
@bridefranknstn	1
@brimac15	1
@brixwe	1
@bromptonlad	1
@brucenahabwe1	1
@bruhsound1111	1
@buffymuffy4444	1
@buildchimp	1
@bultz3	1
@bunchofnumber1	1
@bungarsargon	1
@burnbarrelpod	1
@butnobuts	1
@butterboycomedy	1
@cabalbuster2022	1
@cain_wtf	1
@caitrionambalfe	1
@campbe14425505	1
@cannizzoenzo2	1
@caprinoticed	1
@carrotminji	1
@caslernoel	1
@catahouligan_	1
@catemw100	1
@cathmckenna	1
@cathyby	1
@ccliffy90	1
@celtics	1
@cenkuygur	1
@cesca_uk	1
@cfcAds	1
@cgreany930	1
@chainy67	1
@challc	1
@charlespossible	1
@chereecorbin	1
@cherrygutzz	1
@chickenpie	1
@chigrl	1
@chimisep	1
@chloepark	1
@choir241	1
@chris__soda	1
@chris_bloggs	1
@chris_w_tweet	1
@chrisbaraniuk	1
@chrisbryson83	1
@chrisk3k	1
@chrislhayes	1
@chrismannix9	1
@cichapman	1
@cigs_and_wigs	1
@cinnders_cindy	1
@citizens_sanity	1
@citizensmith996	1
@clair_peacock	1
@claudiatenney	1
@clevelanddotcom	1
@cliftonaduncan	1
@clim8resistance	1
@clintonharp	1
@clukcluk00	1
@cmacthebigmac1	1
@cmclymer	1
@cobysmom02	1
@codeofvets	1
@coldxman	1
@colin_shanahan9	1
@commonwealthsec	1
@commonwealthsec	1
@contextlessbts	1
@cookswelljikos	1
@cooper_m	1
@corbinsabol	1
@corpuscollossus	1
@countrynorthcan	1
@cpsavesoil	1
@craigdyer	1
@crakey1	1
@crentsch	1
@crimlawuk	1
@crpfindia	1
@crudsworth	1
@crypteye_	1
@cryptojnkie	1
@cspanwj	1
@cswarketatora	1
@cterlson	1
@cumbaccountant	1
@curiouslady03	1
@dam64703367	1
@danbloom1	1
@danforrest56	1
@danfoxFA	1
@danielrembrandt	1
@danielsgoldman	1
@dannypic	1
@danspena	1
@daoc151	1
@darioperkins	1
@darrenthurston	1
@darthbob88	1
@dave161256	1
@dave_fort	1
@daveclements_	1
@davematthewsbnd	1
@davemorrissey64	1
@daveweigel	1
@davidkurten	1
@davidmckay415	1
@davidnelsonORL	1
@davidpakmanshow	1
@davidyelland	1
@dbirch214	1
@dbroucher	1
@ddditzler	1
@dean_hatchy	1
@dearMrAJ	1
@deats_mr	1
@debarlinea	1
@debasissen	1
@deborahskyrim	1
@debsinamillion	1
@decent_doge	1
@dee_bosa	1
@deeokelly1	1
@deepgreenphilly	1
@demonass101	1
@deplorablican	1
@dharford79	1
@dhill6261976	1
@dhoodson	1
@diamactive2001	1
@diapholom	1
@dikachi_ee	1
@displacedyoon	1
@djkcpa	1
@dkamac1	1
@dkdk459	1
@dmichie66	1
@doctorinigo	1
@doctorow	1
@dogcanyon	1
@dogfanhan	1
@dokacola	1
@domhaileythomas	1
@domstylo	1
@dont_mind_me_yo	1
@donwinslow	1
@dorfman_p	1
@dost_pagasa	1
@doublebaddotnet	1
@douggrrc2020	1
@dpeterfreund	1
@drdangayach	1
@drdhansinghuk	1
@dremilyportermd	1
@drgs100	1
@driverdeviant	1
@drkeithsiau	1
@drmistercody	1
@drmkry	1
@drsimonegold	1
@duckaholic47	1
@dudleylad1066	1
@dunc22	1
@dwnews	1
@ecclesias	1
@eclipse54963358	1
@eclipsethis2003	1
@ecokonnexion	1
@ed_hawkins	1
@eddieizzard	1
@edwest	1
@edwinNamakanga	1
@edzsplace	1
@efenigson	1
@egyptiankinghk	1
@ehlijah_4808518	1
@elephant_trunk	1
@elfelourdrpg	1
@elisa1121	1
@ellen3cross	1
@ellisbross	1
@em203brandon	1
@emeramccarthy	1
@emeriticus	1
@emilysheffield	1
@emmakennytv	1
@endsarsbot_	1
@epictrader	1
@equivestinvest	1
"@ericnc09?"""	1
@ericuman	1
@erikengheim	1
@erinproof	1
@errjustsaying	1
@espn	1
@esportfirecom	1
"@evakimathi"""	1
@evakimathi	1
@evaoutside	1
@evileconboy	1
@exCameramanJim	1
@exjon	1
@extremetemps	1
@ezralevant	1
@fancymf09j	1
@fancypirate8	1
@fedXsmoker	1
@fejimanz	1
@fema	1
@fenlandphotos	1
@fesshole	1
@filterrjimin	1
@flavortownDon92	1
@foleyjerry3jf	1
@footster2	1
@foreverrshy	1
@foxandfriends	1
@frank_v_jr	1
@frankoz95967943	1
@fredwilliams77	1
@ftworldnews	1
@g_gosden	1
@gallagher1927	1
@garfiieId	1
@garius	1
@garlin	1
@garry_knight	1
@gbrl_dick	1
@gerflug	1
@getfitwAmanda	1
@ghoulazula	1
@gilltavner	1
@ginamccarthy46	1
@giqaHPrOTmKZ2Hq	1
@giraffe_gorilla	1
@girl_pilled	1
@giulio_mattioli	1
@globeandmail	1
@glooking	1
@gmbutts	1
@gmwvheel	1
@gobantwo2	1
@goggleman21	1
@gogriffsgo32	1
@goodfoodgal	1
@goon_living	1
@goonerray67	1
@goothunder	1
@gordonrayner	1
@gorgeousdunny1	1
@graemegduncan	1
@greatermcr	1
@greenegg	1
@greenparty_ie	1
"@greenpeaceusa"""	1
@greenpeaceusa	1
@greggutfeld	1
@grenier8_ruth	1
@greta	1
@gretchenwhitmer	1
@gt2andy	1
@guardiannews	1
@guffynicola	1
@guse_guse	1
@ha1331	1
@haggisfamily	1
@hannahfearn	1
@hansel21_	1
@harvesw6	1
@harveyjkaye	1
@haydnburrows	1
@hburkitt	1
@heardbarry	1
@heatpolicyrich	1
@heiwabanzai	1
@hellolanemoore	1
@herbivore_club	1
@hestheman1	1
@hicksyalex	1
@hirdygurdy	1
@hkpoulter	1
@hobbit179	1
@hoje_no	1
@holladay_joy	1
@hon_nabuyanda	1
@honestsportz	1
@honeythunder	1
@hooddudu	1
@hoothathuh	1
@horndogforharry	1
@hot_doggin_jon	1
@hotepspostingls	1
@hrkbenowen	1
@huggies7th	1
@hugolowell	1
@hwollenwebber	1
@hyzaidi	1
@iaeaorg	1
@iainhall	1
@iainmartin1	1
@iam_JZK	1
@iamdonsammy1	1
@iamian16	1
@iamyourfarmer	1
@ians_robots	1
@ic_lib	1
@iguessruubs	1
@ikawatibashiron	1
@illegal_nicknam	1
@illusionist387	1
@iml_ryan	1
@imyourmoderator	1
@individu_al	1
@ingelramdecoucy	1
@inquirerdotnet	1
@iowa_son	1
@irisstylosa	1
@iseult	1
@ishafoundation	1
@isleseafoods	1
@israelUSAforeve	1
@its_johnmartin	1
@itsdesserts	1
@itvlondon	1
@itvnews	1
@itwontwash	1
@j_alill	1
@jackalsbynight	1
@jacksonhinklle	1
@jacobhelberg	1
@jahimes	1
@jakedashed	1
@jambonbutty	1
@jameskjx	1
@janet_cutts1	1
@janrosenow	1
@jayenomics	1
@jbarro	1
@jbirdynumnum	1
@jbjk216	1
@jcmzaida	1
@jeannefisher17	1
@jeff_kuch44	1
@jeffjfyke	1
@jehiah	1
@jeremycorbyn	1
@jeremyjudkins_	1
@jerrywallacejr	1
@jesse_bhad	1
@jessesingal	1
@jfoster2019	1
@jgorman2424	1
@jhuitema	1
@jimgann25805901	1
@jimmyfra88	1
@jl869200	1
@jockulation	1
@joconfino	1
@jodeye11	1
@john_8384	1
@john_cayce	1
@johndmtb	1
@johnnieja23	1
@johnpavlovitz	1
@johnrich	1
@johnsj66	1
@jollyandrew79	1
@jon19841984	1
@jonathanmulroo2	1
@jonboy79	1
@jonnycsphillips	1
@jonslater37	1
@jonswales77	1
@joshgad	1
@joydeepfive	1
@jrapson281	1
@jrcaine	1
@jubjow804	1
@judithcallagha9	1
@juliemason	1
@julietb3	1
@julnechytai	1
@just2sayin	1
@justin41230602	1
@kEtotheK	1
@kalu_lepariyo	1
@kamalKantmishra	1
"@kanyewest)."""	1
@kanyewest	1
@kariss_leigh	1
@kathrynresister	1
@kathygriffin	1
@katiehobbs	1
@katjaherbers	1
@kelly68681	1
@kellymclean74	1
@kerry98198	1
@kertskertchh	1
@kev8611	1
@kevlondon4	1
@kevpalm111	1
@khelgyani_abhi	1
@kimKBaltimore	1
@kimmagagal2	1
@kirstiecat	1
@kjell_yvik	1
@klimskii	1
@klixxit	1
@kokagenda	1
@kol_mateusz	1
@kola_86	1
@komonews	1
@koolkoala52	1
@korysverse	1
@krnlg	1
@kron4news	1
@kume0011	1
@kuprakapto	1
@kurteichenwald	1
@kwakdonut	1
@kylenabecker	1
@l78lancer	1
@labourwhips	1
@lachainemeteo	1
@ladyspat1	1
@laine_johnson1	1
@lainebee23	1
@lalovestrump	1
@lankfordjl1975	1
@laralogan	1
@latinopride	1
@laurenboebert	1
@lauriejkane	1
@lavenderhaz3	1
@lawler4ny	1
"@lbc"""	1
@lbc360	1
@lclord76	1
@leahculver	1
@leahstokes	1
@leeandersonmp	1
@leftstance	1
@lenoretaylor	1
@lerrup	1
@lfcmug	1
@liammannix	1
@liberaltakes12	1
@libertycappy	1
@lifewithsommer	1
@lindyli	1
@lisamariahoenig	1
@littleredwolf3	1
@livewirenola22	1
@lizbonnin	1
@logantweeting	1
@lomotifofficial	1
@lookner	1
@lordgmanilson	1
@louweiss	1
@lovelylirps_	1
@lowcarbonpower	1
@lp_mitchell2	1
@lpcs43c	1
@lstwrd	1
@lubega_nsamba	1
@lukebryan.	1
@luv_valeriee	1
@lyft	1
@m4rk3pwrr	1
@mabosigomolamu	1
@mac_justin	1
@mackinprof	1
@mad_dog1028	1
@madamxj9	1
@maddiedefosse	1
@maeEbreo84	1
@magicmayssnr1	1
@mahoganyroad	1
@malbagg	1
@mangochow	1
@manupulgarvidal	1
@maraj60	1
@marapires805	1
@marcsaysmarc	1
@marcthiessen	1
@margnav	1
@marieelizabeff	1
@markgongloff	1
@markjl	1
@marmite	1
@martinfookes	1
@marykbruce	1
@marysalpha	1
@mathieuflamini	1
@matmo	1
@mattsgorman	1
@mattsissons25	1
@mattyglesias	1
@maxnmoll1	1
@maxrushden	1
@mayerandrew	1
@mazemoore	1
@mbate1995	1
@mbazardi	1
@mbinya_1	1
@mdareedwards	1
@megs1970	1
@mehdirhasan	1
@meloppie1	1
@mepratap	1
@metoffice	1
@mgoldenmsp	1
@michaelairton	1
@michaelastracha	1
@michaelgove	1
@michaelwhite	1
@mickormikew	1
@micombs	1
@miiniyoongs	1
@mikarantane	1
@mikecoulson48	1
@mikegalsworthy	1
@mikeondigital	1
@mikepayne2174	1
@mikeyface	1
@mikkelsons_mads	1
"@milephakphum"""	1
@milephakphum	1
@minogully	1
@mirandadevine	1
@mishmoshk	1
@misty21	1
@mkcrbeingtrash	1
@mmpadellan	1
@mn_google	1
@mobileithelp	1
@moderateRepand1	1
@moefcc	1
@moneyacademyKE	1
@moodyoldblue	1
@mook_darshakam	1
@morpethm_245	1
@mosquitoeater_	1
@mr_ridds	1
@mrddmia	1
@mreed436	1
@mrjamesob	1
@mrmarkdolan	1
@mrsemjones	1
@mtaibbi	1
@mthenad	1
@mtracey	1
@mullally_elaine	1
@mumblemews	1
@munchpeenallday	1
@muz19751	1
@muzzdang	1
@mzaheer88	1
@naads_ug	1
@nancydesmond3	1
@nanleavell	1
@narouganda	1
@natalieben	1
@nataliejon_es	1
@natas_groen	1
@natbrunell	1
@nationalpost	1
"@nationaltrust"""	1
@nationaltrust	1
@natsechobbyist	1
@nbc	1
@ndtv	1
@ndtvindia	1
@neil_abrams	1
@nerdnite??	1
@netflix	1
@netzGreta	1
@newsistaan	1
@newsradionw	1
@nickbar1711	1
@nickdixoncomic	1
@nickrenn2	1
@nickschifrin	1
@nickstew_art	1
@nikkino63786417	1
@ninaturner	1
"@nmdrsc"""	1
@nmdrsc	1
@nofearccc	1
@noplasticcows	1
@northernsoul03	1
@notBsilenced	1
@notcapnamerica	1
@nothingasitis	1
@notjaygrillz	1
@notjustdad	1
@noturbine	1
@noxcato	1
@ntvkenya	1
@nucleardads	1
@nyalimakay	1
@nyanziliz01	1
@nychange	1
@nylaosb32611918	1
@nytopinion	1
@nyunggai	1
@obama_I_miss	1
@of_flocks	1
@officialABAT	1
@oflynnsocial	1
@old_wino2	1
@omotforest	1
@omwambaKE	1
@onepeloton	1
@opinonhaver	1
@oryxspioenkop	1
@osasuo	1
@ottawacity	1
@oxRetrac	1
@oxley264	1
@pander_ing	1
@pandorastweetz	1
@parents4future	1
@parents4futureG	1
@passwordismiket	1
@patagonia	1
@paul_blokka2702	1
@paulaclark50	1
@paulf774	1
@paulg	1
@paulkrugman	1
@paulmurphy_TD	1
@pcanfin	1
@peckham65Grant	1
@pepe_silva75	1
@percy_bloom	1
@peterjukes	1
@philhellena	1
@philritz1	1
@photau	1
@phran310	1
@picazomario	1
@pigletish	1
@pip_reaper	1
@pisgahpartners	1
@pizkag	1
@pjpeterman	1
@pkamaev	1
@plant_souls	1
@pleasantville73	1
@pmcdunnough	1
@pppaul2305	1
@prolifique1	1
@propublica	1
@psyounger	1
@pulseplaysttv	1
@queenveej	1
@r0bertj	1
@rabbits4ever	1
@rachshabi	1
@raidr_fn	1
@ramprasad_c	1
@ramzpaul	1
@raphousetv2	1
@realDailyWire	1
@realDonaldJTr1	1
@realRobertCK	1
@reallyryanbush	1
@redforged42	1
@redsteeze	1
@reformparty_uk	1
@renoomokri	1
@republic	1
@revoltinghippie	1
@rhyrock06	1
@richardabetts	1
@richardhine	1
@rievotes	1
@righteous_hate	1
@ripitout9898	1
@rishisunak	1
@rising_serpent	1
@rjc1009	1
@rlvenxd	1
@rmanders60	1
@rmgil2004	1
@roadsidetweets	1
@roadtoserfdom3	1
@robert2hartley	1
@robert_zubrin	1
@robertdmcneill	1
@robmanuel	1
@rogerkrieger	1
@rolandmcs	1
@romanimperial89	1
@ronin19217435	1
@roobar99	1
@rosscolquhoun	1
@routedurhumENG	1
@roydanroy	1
@rrrwong	1
@rsprasad	1
@rulajebreal	1
@runnytom	1
@ruskin147	1
@ryNOdis	1
@sab_fi	1
@sajidjavid	1
@sally_syson	1
@sallydipple	1
@salter_tom	1
@saltypip	1
@sama	1
@samlagrone	1
@sammy4723	1
@samopsy	1
@samsbvcky	1
@sara4WI	1
@sardesairajdeep	1
@sattfly	1
@savetheplaneto3	1
@scamdemic097	1
@sclinton60	1
@scoffy2606	1
@scottishgreens	1
@scrowder	1
@seattletimes	1
@secupp	1
@seeitfromspace	1
@serauk	1
@severeweatherEU	1
@sh9ce	1
@sharibythesea	1
@shaun_vids	1
@sheila14all	1
@shepherd_wagner	1
@sherrbear63	1
@shilepoppa	1
@shortbus_baller	1
@si_Mcfly_	1
@sidlowe	1
@sillyCDNgoose	1
@simonahac	1
@sivavaid	1
@sjj139	1
@skellyian	1
@skierpage	1
@smadarhealth	1
@smart_faces	1
@smurfette017	1
@snowleopardess	1
@somemuija	1
@sophie_hickens	1
@sophielouisecc	1
@sozita_LST	1
@spann	1
@speakoutsister	1
@speedboy296	1
@speeednet	1
@spicierboar	1
@spideycyp_155	1
@spiropantazatos	1
@spmaloney	1
@spock246	1
@spursonfifa	1
@spy_historian	1
@sr_clary	1
@srem125	1
@sssniperwolf	1
@ssteve474	1
@staceyabrams	1
@stackinsnackin	1
@statlk	1
@stellacreasy	1
@stephanegaddis	1
@steve_n_seagull	1
@stevebloom55	1
@stevenmosher	1
@stevesdog1	1
@stevethib	1
@stevoB59	1
@stickmasterluke	1
@stonefielddeve1	1
@stopEACOP	1
@struikmans	1
@students4shaps	1
@sue_pfh	1
@sueanned01	1
@sunlorrie	1
@superzro	1
@sustainablegolf	1
@svolos5	1
@sweettalkin1970	1
@syl20carle	1
@sylviab14943401	1
@tavares_jam1978	1
@taylorjan1	1
@tbas7000	1
@tcurdt	1
@teachersforfut1	1
@teamphil	1
@tek_kenya	1
@telecam1	1
@telecomsreg	1
@terrillluhman	1
@terrychristian	1
@the1avi	1
@the3rdmeeseeks	1
@theDVSMarcus	1
@theGCF	1
@theJagmeetSingh	1
@theJagmeetSingh?	1
@theJeremyVine	1
@thePOE_T	1
@theShakinroom	1
@theSpurtle	1
@theUSLshow	1
@the_nerd_skull	1
@the_scmatta	1
@theage	1
@theboyjai	1
@thecockburn	1
@theconvocouch	1
@theglacier72	1
@thegrimbarian	1
@theheraldsun	1
@thelittleidiot	1
@theonlyaugie	1
@theory_skba	1
@thepfa	1
@therealtywilson	1
@thereidout	1
@thespian93	1
@thewealthcoach_	1
@theyheartkat	1
@thisisme0311	1
@thisisnothappen	1
@thomaschattwill	1
@thornbridge	1
@threefivesinv	1
@thugmemaw	1
@timbolord	1
@timesofindia	1
@tizerist	1
@tmvernon	1
@tofuwahobu	1
@tomdavi84459361	1
@tomeyeam	1
@tommymc6	1
@tonibraxton	1
@tonyannett	1
@toshi_john	1
@townsendoutdoor	1
@tracycutshair	1
@trilatus	1
@tripperhead	1
@twiddleah	1
@twintell2	1
@txbadonetoo	1
@txfearsomefrank	1
@tylernewcomb_	1
@uginm102	1
@ukhomeoffice	1
@ukunionvoice	1
@unbent_	1
@undarkmag	1
@up_northish	1
@upthejunction28	1
@ursulakoenig	1
@usacupcake2215	1
@usairforce	1
@uysalufuk	1
@valdaitweets	1
@valdemings	1
@valuestoimpact	1
@veebeeaisdee	1
@veras67	1
@verymerry22	1
@vicemergency	1
@vicsesnews	1
@vijaygajera	1
@vincentbarton3	1
"@vineetjaintimes"""	1
@vineetjaintimes	1
@virginiahanusik	1
@viviancompass	1
@vonderleyen	1
@waleywaling	1
@warolfc	1
@washdems	1
@washingtonpost	1
@weathernetwork	1
@wef	1
@wenderful2017	1
@whitesundesert	1
@willwallis10	1
@wilsonjtang	1
@wimplebottom	1
@windriderz49	1
@wintore19	1
@witherjay1	1
@wobski421	1
@wobzee	1
@wolfgangcramer	1
@wolfv	1
@woye1	1
@wutube	1
@wxbywilliams	1
@wytzombie1337	1
@xabitron1	1
@xfl	1
@xiaojin_zhang	1
@xiehongwei1984	1
@xrsciencerebels	1
@y_alibhai	1
@yakutia	1
@yanquetino	1
@ygtreasuremaker	1
@ylecun	1
@yolegacyyy	1
@youknow714	1
@ytengra	1
@z_chrissie	1
@zajicekjaro	1
@zanyness	1
@zeitonline	1
@zhangkkkki	1
@zlj517	1
@zulkuss	1
